1.36864  0 5.34923799451513
1.39364  0 4.95628459861369
1.41864  0 4.57656603957135
1.44364  0 4.20922006328836
1.46864  0 3.85347365813172
1.49364  0 3.50859991643709
1.51864  0 3.17393442736344
1.54364  0 2.84885158243854
1.56864  0 2.53279076443236
1.59364  0 2.2252122010651
1.61864  0 1.92562903357809
1.64364  0 1.63357932450527
1.66864  0 1.34864277901305
1.69364  0 1.07041984899209
1.71864  0 0.798540628060692
1.74364  0 0.532660560420861
1.76864  0 0.272469914349327
1.79364  0 0.017652344461302
1.81864  0 -0.232061163586533
1.84364  0 -0.476931057260918
1.86864  0 -0.717207841442642
1.89364  0 -0.953114637040066
1.91864  0 -1.18486758659214
1.94364  0 -1.41266948721965
1.96864  0 -1.63670606399029
1.99364  0 -1.85715287007626
2.01864  0 -2.07417364685913
2.04364  0 -2.28792899206354
2.06864  0 -2.4985468079195
2.09364  0 -2.70619402419195
2.11864  0 -2.91097560266596
2.14364  0 -3.1130218412119
2.16864  0 -3.31243640072989
2.19364  0 -3.50932532252417
2.21864  0 -3.70382522051424
2.24364  0 -3.89597105609692
2.26864  0 -4.08586539611084
2.29364  0 -4.27362384365657
2.31864  0 -4.45929436415225
2.34364  0 -4.64297254518173
2.36864  0 -4.82469256893738
2.39364  0 -5.00457138378899
2.41864  0 -5.18261331008136
2.44364  0 -5.35888357219497
2.46864  0 -5.53348577406132
2.49364  0 -5.70641540920698
2.51864  0 -5.87774574771767
2.54364  0 -6.04750595782964
2.56864  0 -6.21574609252772
2.59364  0 -6.38252151785579
2.61864  0 -6.54781731824784
2.64364  0 -6.71171933936747
2.66864  0 -6.87426024681603
2.69364  0 -7.03542676789749
2.71864  0 -7.19528146923033
2.74364  0 -7.35384790991033
2.76864  0 -7.51111885777917
2.79364  0 -7.66714344850257
2.81864  0 -7.82194828757653
2.84364  0 -7.97556959348592
2.86864  0 -8.12796974750453
2.89364  0 -8.27918974636812
2.91864  0 -8.42929436083253
2.94364  0 -8.57823613026055
2.96864  0 -8.72602411784741
2.99364  0 -8.87274358022746
3.01864  0 -9.01834777498651
3.04364  0 -9.16284153728087
3.06864  0 -9.3062590297428
3.09364  0 -9.44863658182812
3.11864  0 -9.58991399149695
3.14364  0 -9.73018104222612
3.16864  0 -9.86938365022064
3.19364  0 -10.0075576478316
3.21864  0 -10.1446841861322
3.24364  0 -10.2807924398846
3.26864  0 -10.4159007639791
3.29364  0 -10.5499684638585
3.31864  0 -10.6830571769007
3.34364  0 -10.8151469418396
3.36864  0 -10.9462173870109
3.39364  0 -11.0763045110975
3.41864  0 -11.2053966024914
3.44364  0 -11.3335017813372
3.46864  0 -11.4606544571482
3.49364  0 -11.5868060861885
3.51864  0 -11.7119813734702
3.54364  0 -11.8362103779181
3.56864  0 -11.959455072105
3.59364  0 -12.0817269676518
3.61864  0 -12.2030424643127
3.64364  0 -12.3233795629173
3.66864  0 -12.4427762599566
3.69364  0 -12.5612309931172
3.71864  0 -12.6787180162535
3.74364  0 -12.7952729124382
3.76864  0 -12.910870424632
3.79364  0 -13.0255257218247
3.81864  0 -13.1392257101329
1.36864 0.01 5.27254792642652
1.39364 0.01 4.87977921929911
1.41864 0.01 4.50035363992822
1.44364 0.01 4.13341103917837
1.46864 0.01 3.77815205419815
1.49364 0.01 3.43383465026303
1.51864 0.01 3.09979362811915
1.54364 0.01 2.77539534715653
1.56864 0.01 2.4600519364943
1.59364 0.01 2.15323674299468
1.61864 0.01 1.85443796246411
1.64364 0.01 1.56320442105505
1.66864 0.01 1.27909613218243
1.69364 0.01 1.00171710836561
1.71864 0.01 0.730693395099847
1.74364 0.01 0.465679242855021
1.76864 0.01 0.206349469170978
1.79364 0.01 -0.0475973166673758
1.81864 0.01 -0.296444828260417
1.84364 0.01 -0.540453505993733
1.86864 0.01 -0.779870202998207
1.89364 0.01 -1.01492830123435
1.91864 0.01 -1.24583731138588
1.94364 0.01 -1.47280175527696
1.96864 0.01 -1.69601054100778
1.99364 0.01 -1.91563776184571
2.01864 0.01 -2.13185470327679
2.04364 0.01 -2.34481043777492
2.06864 0.01 -2.55465736048022
2.09364 0.01 -2.7615241575788
2.11864 0.01 -2.96554467616442
2.14364 0.01 -3.16684306116135
2.16864 0.01 -3.36552099000626
2.19364 0.01 -3.5616856610197
2.21864 0.01 -3.75547585730695
2.24364 0.01 -3.94692314062469
2.26864 0.01 -4.13613143609456
2.29364 0.01 -4.32321521045563
2.31864 0.01 -4.5082231400886
2.34364 0.01 -4.69125111223569
2.36864 0.01 -4.87233188052878
2.39364 0.01 -5.05158460116464
2.41864 0.01 -5.22901085683583
2.44364 0.01 -5.40467680798517
2.46864 0.01 -5.57868553928035
2.49364 0.01 -5.75103378892664
2.51864 0.01 -5.92179134403748
2.54364 0.01 -6.09098919831536
2.56864 0.01 -6.25867947569898
2.59364 0.01 -6.42491002604272
2.61864 0.01 -6.5896749594737
2.64364 0.01 -6.7530541851358
2.66864 0.01 -6.91508131098894
2.69364 0.01 -7.07574313578363
2.71864 0.01 -7.23510137929958
2.74364 0.01 -7.39318101897943
2.76864 0.01 -7.54997252039998
2.79364 0.01 -7.70552595429155
2.81864 0.01 -7.85986746077477
2.84364 0.01 -8.01303306864484
2.86864 0.01 -8.16498492199835
2.89364 0.01 -8.31576452923023
2.91864 0.01 -8.46543602313612
2.94364 0.01 -8.61391958349713
2.96864 0.01 -8.76131668880098
2.99364 0.01 -8.90762221569778
3.01864 0.01 -9.05278892613776
3.04364 0.01 -9.19691078566856
3.06864 0.01 -9.33993269101311
3.09364 0.01 -9.4819229636406
3.11864 0.01 -9.62281379185158
3.14364 0.01 -9.76270258638473
3.16864 0.01 -9.90153210919947
3.19364 0.01 -10.0393374049615
3.21864 0.01 -10.1761011591083
3.24364 0.01 -10.3118503539902
3.26864 0.01 -10.4466052790264
3.29364 0.01 -10.5803251855191
3.31864 0.01 -10.7130705266685
3.34364 0.01 -10.8447929095421
3.36864 0.01 -10.9755566689816
3.39364 0.01 -11.1053073216807
3.41864 0.01 -11.2340787007354
3.44364 0.01 -11.3618615335516
3.46864 0.01 -11.4886956944467
3.49364 0.01 -11.6145326376221
3.51864 0.01 -11.7393997318792
3.54364 0.01 -11.8633194096791
3.56864 0.01 -11.986259522551
3.59364 0.01 -12.108234039073
3.61864 0.01 -12.2292516480874
3.64364 0.01 -12.3492973224759
3.66864 0.01 -12.4684037318756
3.69364 0.01 -12.5865702143758
3.71864 0.01 -12.7037758996429
3.74364 0.01 -12.8200514056464
3.76864 0.01 -12.9353711602653
3.79364 0.01 -13.0497526813038
3.81864 0.01 -13.1631827857124
1.36864 0.02 5.19586614455134
1.39364 0.02 4.80327806987406
1.41864 0.02 4.42415330441429
1.44364 0.02 4.05761710785632
1.46864 0.02 3.7028471144257
1.49364 0.02 3.35910735653855
1.51864 0.02 3.02569541674869
1.54364 0.02 2.70197887788854
1.56864 0.02 2.38736883262831
1.59364 0.02 2.08131525727162
1.61864 0.02 1.78331644705233
1.64364 0.02 1.49289808691549
1.66864 0.02 1.20962950478218
1.69364 0.02 0.933102287699803
1.71864 0.02 0.662939615698537
1.74364 0.02 0.398792741186725
1.76864 0.02 0.140333620830985
1.79364 0.02 -0.112744593980438
1.81864 0.02 -0.360718790056923
1.84364 0.02 -0.603863710265638
1.86864 0.02 -0.842419024823199
1.89364 0.02 -1.07661841813989
1.91864 0.02 -1.30667945435199
1.94364 0.02 -1.5328057259536
1.96864 0.02 -1.75518454814791
1.99364 0.02 -1.97399227954102
2.01864 0.02 -2.18940148130374
2.04364 0.02 -2.40156118730939
2.06864 0.02 -2.61062202272217
2.09364 0.02 -2.81671800015404
2.11864 0.02 -3.01997851991489
2.14364 0.02 -3.22052729475149
2.16864 0.02 -3.41847039323591
2.19364 0.02 -3.61391107901081
2.21864 0.02 -3.80696012920512
2.24364 0.02 -3.99773947407285
2.26864 0.02 -4.18626043567488
2.29364 0.02 -4.37267146137251
2.31864 0.02 -4.55701789460165
2.34364 0.02 -4.73939613648426
2.36864 0.02 -4.91983912779421
2.39364 0.02 -5.09843618812172
2.41864 0.02 -5.27527728277297
2.44364 0.02 -5.45034054265404
2.46864 0.02 -5.62375668103687
2.49364 0.02 -5.79552317870585
2.51864 0.02 -5.96571094683616
2.54364 0.02 -6.13434852920563
2.56864 0.02 -6.3014880571293
2.59364 0.02 -6.46715010093184
2.61864 0.02 -6.6314125605189
2.64364 0.02 -6.79426956605968
2.66864 0.02 -6.9557857395241
2.69364 0.02 -7.11594549458369
2.71864 0.02 -7.27480881894921
2.74364 0.02 -7.43237220401505
2.76864 0.02 -7.5887162220755
2.79364 0.02 -7.74379986208697
2.81864 0.02 -7.89768016119809
2.84364 0.02 -8.05036227695632
2.86864 0.02 -8.20189708614414
2.89364 0.02 -8.35223675265372
2.91864 0.02 -8.50144696493998
2.94364 0.02 -8.64953418322786
2.96864 0.02 -8.79651287962894
2.99364 0.02 -8.94240631290766
3.01864 0.02 -9.08716699114911
3.04364 0.02 -9.23088868455108
3.06864 0.02 -9.37351653100668
3.09364 0.02 -9.51511934611733
3.11864 0.02 -9.65562774085872
3.14364 0.02 -9.79513892718715
3.16864 0.02 -9.9335972652227
3.19364 0.02 -10.07100726555
3.21864 0.02 -10.2074387729263
3.24364 0.02 -10.3428313595355
3.26864 0.02 -10.4772346991714
3.29364 0.02 -10.6106088216651
3.31864 0.02 -10.7430109734822
3.34364 0.02 -10.8743939447651
3.36864 0.02 -11.0048255114357
3.39364 0.02 -11.1342524254558
3.41864 0.02 -11.2626951020179
3.44364 0.02 -11.3901550256115
3.46864 0.02 -11.5166721562996
3.49364 0.02 -11.6421965114823
3.51864 0.02 -11.766753216321
3.54364 0.02 -11.8903371213197
3.56864 0.02 -12.0129753845544
3.59364 0.02 -12.134681403671
3.61864 0.02 -12.2554038944513
3.64364 0.02 -12.3751578934122
3.66864 0.02 -12.4939754935823
3.69364 0.02 -12.6118567238153
3.71864 0.02 -12.7287807524182
3.74364 0.02 -12.8447781540925
3.76864 0.02 -12.9598219922555
3.79364 0.02 -13.0739309653963
3.81864 0.02 -13.1870911658833
1.36864 0.03 5.11918227104306
1.39364 0.03 4.72677429569984
1.41864 0.03 4.34796100783291
1.44364 0.03 3.98183222871177
1.46864 0.03 3.62756831505167
1.49364 0.03 3.2844029535603
1.51864 0.03 2.95163133502693
1.54364 0.03 2.62860768685973
1.56864 0.03 2.31473491924445
1.59364 0.03 2.00945566601746
1.61864 0.03 1.71225795313094
1.64364 0.03 1.42266602483536
1.66864 0.03 1.14024188996247
1.69364 0.03 0.864570971264579
1.71864 0.03 0.59527563544413
1.74364 0.03 0.331998496608239
1.76864 0.03 0.0744152426166641
1.79364 0.03 -0.177783532969862
1.81864 0.03 -0.424886647790365
1.84364 0.03 -0.667157481000383
1.86864 0.03 -0.904847294546759
1.89364 0.03 -1.13818777408923
1.91864 0.03 -1.36739851554023
1.94364 0.03 -1.59268265964034
1.96864 0.03 -1.81423025225782
1.99364 0.03 -2.03221999358437
2.01864 0.03 -2.24681606533837
2.04364 0.03 -2.45817966318268
2.06864 0.03 -2.66645183421295
2.09364 0.03 -2.8717708144432
2.11864 0.03 -3.07426904408002
2.14364 0.03 -3.27407027512279
2.16864 0.03 -3.47127602850992
2.19364 0.03 -3.66599268474097
2.21864 0.03 -3.85836142743637
2.24364 0.03 -4.04841231022439
2.26864 0.03 -4.23624783619943
2.29364 0.03 -4.42198535358696
2.31864 0.03 -4.6056706110201
2.34364 0.03 -4.78740036195697
2.36864 0.03 -4.96720679709198
2.39364 0.03 -5.14520767944593
2.41864 0.03 -5.32140653501472
2.44364 0.03 -5.49586717861812
2.46864 0.03 -5.6686927193082
2.49364 0.03 -5.83987939598028
2.51864 0.03 -6.00949710699974
2.54364 0.03 -6.17757529356511
2.56864 0.03 -6.34416588955206
2.59364 0.03 -6.50931991184428
2.61864 0.03 -6.67302354891836
2.64364 0.03 -6.83536184569884
2.66864 0.03 -6.9963669233182
2.69364 0.03 -7.15602398305928
2.71864 0.03 -7.31439558321856
2.74364 0.03 -7.47150510931963
2.76864 0.03 -7.6273429803676
2.79364 0.03 -7.78195933933018
2.81864 0.03 -7.93537912444268
2.84364 0.03 -8.08764099357853
2.86864 0.03 -8.23869987208861
2.89364 0.03 -8.38860092984495
2.91864 0.03 -8.53740985711976
2.94364 0.03 -8.68507224389436
2.96864 0.03 -8.83160644993424
2.99364 0.03 -8.97709000947662
3.01864 0.03 -9.12147264713129
3.04364 0.03 -9.26477142501215
3.06864 0.03 -9.40700660836336
3.09364 0.03 -9.5482210021511
3.11864 0.03 -9.68834842942375
3.14364 0.03 -9.82748463998286
3.16864 0.03 -9.96557280701212
3.19364 0.03 -10.1026468268766
3.21864 0.03 -10.238688442475
3.24364 0.03 -10.3737271957137
3.26864 0.03 -10.5077808422791
3.29364 0.03 -10.6408081545894
3.31864 0.03 -10.7728707116298
3.34364 0.03 -10.9039183996069
3.36864 0.03 -11.034017143609
3.39364 0.03 -11.1631171643187
3.41864 0.03 -11.2912327957449
3.44364 0.03 -11.4183751595107
3.46864 0.03 -11.5445769094786
3.49364 0.03 -11.6697954015363
3.51864 0.03 -11.794038287549
3.54364 0.03 -11.9173476071278
3.56864 0.03 -12.0396850734755
3.59364 0.03 -12.1610636330795
3.61864 0.03 -12.2814922662812
3.64364 0.03 -12.4009555250043
3.66864 0.03 -12.5194863926601
3.69364 0.03 -12.6370866581841
3.71864 0.03 -12.7537266749022
3.74364 0.03 -12.8694460438317
3.76864 0.03 -12.9842162216386
3.79364 0.03 -13.0980536390215
3.81864 0.03 -13.2109449255608
1.36864 0.04 5.0424890333065
1.39364 0.04 4.65027342050544
1.41864 0.04 4.27176959460548
1.44364 0.04 3.90606680958839
1.46864 0.04 3.55230260797199
1.49364 0.04 3.20972078672812
1.51864 0.04 2.87759747768869
1.54364 0.04 2.55527503551578
1.56864 0.04 2.2421470118799
1.59364 0.04 1.93764873234069
1.61864 0.04 1.64126186282741
1.64364 0.04 1.35250241517086
1.66864 0.04 1.07092919441601
1.69364 0.04 0.796122622395798
1.71864 0.04 0.527699277074985
1.74364 0.04 0.265304006158928
1.76864 0.04 0.00859814218006195
1.79364 0.04 -0.242718940706734
1.81864 0.04 -0.488942909127235
1.84364 0.04 -0.730339451657169
1.86864 0.04 -0.967159847745338
1.89364 0.04 -1.19963893223113
1.91864 0.04 -1.42799570106787
1.94364 0.04 -1.65243546636997
1.96864 0.04 -1.87314835572514
1.99364 0.04 -2.09031571501685
2.01864 0.04 -2.30409971771774
2.04364 0.04 -2.51466355230334
2.06864 0.04 -2.72214810802651
2.09364 0.04 -2.92670409539996
2.11864 0.04 -3.12843994147907
2.14364 0.04 -3.3274912013308
2.16864 0.04 -3.52396019363927
2.19364 0.04 -3.71795343707704
2.21864 0.04 -3.90958119440323
2.24364 0.04 -4.09893407553074
2.26864 0.04 -4.28611371841269
2.29364 0.04 -4.47117895617699
2.31864 0.04 -4.65420390809419
2.34364 0.04 -4.83525595495393
2.36864 0.04 -5.01445588078274
2.39364 0.04 -5.19180375577647
2.41864 0.04 -5.36738980203064
2.44364 0.04 -5.54127906043638
2.46864 0.04 -5.71348537504183
2.49364 0.04 -5.88409342970265
2.51864 0.04 -6.05314298479363
2.54364 0.04 -6.22069345195761
2.56864 0.04 -6.3867374651905
2.59364 0.04 -6.55132267669069
2.61864 0.04 -6.71452904540809
2.64364 0.04 -6.87634947247711
2.66864 0.04 -7.03681608756286
2.69364 0.04 -7.19600312630849
2.71864 0.04 -7.35388372169304
2.74364 0.04 -7.51048143290466
2.76864 0.04 -7.66587477282553
2.79364 0.04 -7.82002498200214
2.81864 0.04 -7.97298691640058
2.84364 0.04 -8.12476616128817
2.86864 0.04 -8.27538378346581
2.89364 0.04 -8.42487985072828
2.91864 0.04 -8.57323033628191
2.94364 0.04 -8.72047132833996
2.96864 0.04 -8.86661845933967
2.99364 0.04 -9.01166274273186
3.01864 0.04 -9.1556463091266
3.04364 0.04 -9.29857358896575
3.06864 0.04 -9.44041772060346
3.09364 0.04 -9.58122036096197
3.11864 0.04 -9.72099836333432
3.14364 0.04 -9.85973102252037
3.16864 0.04 -9.9974501260803
3.19364 0.04 -10.1341609268664
3.21864 0.04 -10.2698749317275
3.24364 0.04 -10.4045611400079
3.26864 0.04 -10.5382353098455
3.29364 0.04 -10.6709504799274
3.31864 0.04 -10.8026726346686
3.34364 0.04 -10.9333850957561
3.36864 0.04 -11.0631236673848
3.39364 0.04 -11.1918966685909
3.41864 0.04 -11.3197210015822
3.44364 0.04 -11.4465455932916
3.46864 0.04 -11.5724022536236
3.49364 0.04 -11.697336085597
3.51864 0.04 -11.8212768043799
3.54364 0.04 -11.9442526644442
3.56864 0.04 -12.0662904749384
3.59364 0.04 -12.1873720906235
3.61864 0.04 -12.3075092095851
3.64364 0.04 -12.4267138908328
3.66864 0.04 -12.5449559947272
3.69364 0.04 -12.6622736386219
3.71864 0.04 -12.7786367014366
3.74364 0.04 -12.8940816989304
3.76864 0.04 -13.008574505782
3.79364 0.04 -13.1221145908084
3.81864 0.04 -13.2347677156679
1.36864 0.05 4.96578633622651
1.39364 0.05 4.57375946629118
1.41864 0.05 4.19557713969212
1.44364 0.05 3.83029130419649
1.46864 0.05 3.47705120733747
1.49364 0.05 3.13506124668814
1.51864 0.05 2.80359337373038
1.54364 0.05 2.48198085805743
1.56864 0.05 2.16960580296182
1.59364 0.05 1.86589569506657
1.61864 0.05 1.57032712306093
1.64364 0.05 1.28240798885872
1.66864 0.05 1.00168897473595
1.69364 0.05 0.727752784496669
1.71864 0.05 0.46021221476324
1.74364 0.05 0.19869772781083
1.76864 0.05 -0.0571178074884634
1.79364 0.05 -0.307549261908048
1.81864 0.05 -0.552889112903715
1.84364 0.05 -0.793406780858176
1.86864 0.05 -1.02935456764111
1.89364 0.05 -1.26096783378845
1.91864 0.05 -1.48846799455663
1.94364 0.05 -1.71206095254096
1.96864 0.05 -1.93193812800792
1.99364 0.05 -2.14827977853431
2.01864 0.05 -2.36125004099492
2.04364 0.05 -2.57101233222976
2.06864 0.05 -2.77770800953365
2.09364 0.05 -2.98147881076197
2.11864 0.05 -3.18245145505657
2.14364 0.05 -3.38075266698916
2.16864 0.05 -3.57648501090655
2.19364 0.05 -3.76975399294887
2.21864 0.05 -3.96070077762114
2.24364 0.05 -4.14935736638972
2.26864 0.05 -4.33582108209264
2.29364 0.05 -4.52021361744922
2.31864 0.05 -4.70257888765993
2.34364 0.05 -4.88301327998967
2.36864 0.05 -5.06154849647745
2.39364 0.05 -5.2382738297541
2.41864 0.05 -5.41327771268086
2.44364 0.05 -5.58653753750688
2.46864 0.05 -5.75818487421344
2.49364 0.05 -5.92821479690298
2.51864 0.05 -6.09669832528199
2.54364 0.05 -6.26366323007088
2.56864 0.05 -6.42916178332764
2.59364 0.05 -6.59323524640271
2.61864 0.05 -6.75589152374988
2.64364 0.05 -6.91719468165716
2.66864 0.05 -7.07718371206747
2.69364 0.05 -7.23584353524445
2.71864 0.05 -7.39323501956522
2.74364 0.05 -7.54935125091983
2.76864 0.05 -7.70427360483914
2.79364 0.05 -7.85795977377407
2.81864 0.05 -8.01046436844797
2.84364 0.05 -8.16179503437639
2.86864 0.05 -8.31199711546538
2.89364 0.05 -8.46103300873994
2.91864 0.05 -8.6089572414698
2.94364 0.05 -8.75577850728388
2.96864 0.05 -8.90151098421811
2.99364 0.05 -9.04617915001394
3.01864 0.05 -9.1897339127044
3.04364 0.05 -9.33226309483876
3.06864 0.05 -9.4737200624832
3.09364 0.05 -9.61416595957377
3.11864 0.05 -9.75353885046565
3.14364 0.05 -9.89192873748998
3.16864 0.05 -10.0292844467117
3.19364 0.05 -10.1656014030016
3.21864 0.05 -10.300959666694
3.24364 0.05 -10.4352915635983
3.26864 0.05 -10.5686512563359
3.29364 0.05 -10.7009924298808
3.31864 0.05 -10.8323777655365
3.34364 0.05 -10.9627570965771
3.36864 0.05 -11.0921963540736
3.39364 0.05 -11.22064397933
3.41864 0.05 -11.3481181352028
3.44364 0.05 -11.4746251278522
3.46864 0.05 -11.6001993648538
3.49364 0.05 -11.7247923204094
3.51864 0.05 -11.8484288034783
3.54364 0.05 -11.9711303071626
3.56864 0.05 -12.0928431710523
3.59364 0.05 -12.2136618703021
3.61864 0.05 -12.3335060110845
3.64364 0.05 -12.4523923626029
3.66864 0.05 -12.5703554170177
3.69364 0.05 -12.687386441884
3.71864 0.05 -12.8034706826082
3.74364 0.05 -12.9186467695351
3.76864 0.05 -13.032862526208
3.79364 0.05 -13.146160390544
3.81864 0.05 -13.2585195091162
1.36864 0.06 4.88906312170669
1.39364 0.06 4.49723709493589
1.41864 0.06 4.11936939467191
1.44364 0.06 3.75452380843692
1.46864 0.06 3.40180810719857
1.49364 0.06 3.06041939787224
1.51864 0.06 2.72961495020664
1.54364 0.06 2.40871920025248
1.56864 0.06 2.09710568809186
1.59364 0.06 1.79419340590568
1.61864 0.06 1.49945018050324
1.64364 0.06 1.21237871668999
1.66864 0.06 0.932524755374185
1.69364 0.06 0.659464941556891
1.71864 0.06 0.392810605792673
1.74364 0.06 0.132186653690313
1.76864 0.06 -0.12273698019604
1.79364 0.06 -0.372277101839584
1.81864 0.06 -0.616728993614993
1.84364 0.06 -0.85636311491643
1.86864 0.06 -1.09143503395046
1.89364 0.06 -1.32217817215326
1.91864 0.06 -1.54881852468282
1.94364 0.06 -1.77156166187483
1.96864 0.06 -1.99060031150552
1.99364 0.06 -2.20611371483898
2.01864 0.06 -2.4182687534866
2.04364 0.06 -2.62722908683672
2.06864 0.06 -2.83313334030085
2.09364 0.06 -3.03611503546134
2.11864 0.06 -3.23632415511285
2.14364 0.06 -3.43387397935362
2.16864 0.06 -3.62886953208012
2.19364 0.06 -3.82144373515417
2.21864 0.06 -4.01165019050134
2.24364 0.06 -4.19960762366201
2.26864 0.06 -4.38541804299285
2.29364 0.06 -4.56910907816681
2.31864 0.06 -4.75084472766088
2.34364 0.06 -4.93060412997164
2.36864 0.06 -5.10853376698036
2.39364 0.06 -5.2846360298756
2.41864 0.06 -5.45900092155389
2.44364 0.06 -5.63169084575412
2.46864 0.06 -5.80272229008448
2.49364 0.06 -5.97217651440872
2.51864 0.06 -6.14009471160204
2.54364 0.06 -6.30650454058611
2.56864 0.06 -6.47145846531458
2.59364 0.06 -6.6350037259557
2.61864 0.06 -6.79715991624885
2.64364 0.06 -6.95794820922319
2.66864 0.06 -7.11740186935005
2.69364 0.06 -7.27556532365767
2.71864 0.06 -7.43246901912373
2.74364 0.06 -7.58813641165553
2.76864 0.06 -7.74255726146903
2.79364 0.06 -7.89580982705559
2.81864 0.06 -8.04786090404351
2.84364 0.06 -8.19874454577318
2.86864 0.06 -8.3484811742065
2.89364 0.06 -8.49711053547539
2.91864 0.06 -8.64460912745831
2.94364 0.06 -8.79101258286877
2.96864 0.06 -8.93633323910733
2.99364 0.06 -9.08056728043293
3.01864 0.06 -9.22374842159674
3.04364 0.06 -9.36585837634385
3.06864 0.06 -9.50695724777858
3.09364 0.06 -9.64699433025531
3.11864 0.06 -9.78601901748053
3.14364 0.06 -9.92400943721439
3.16864 0.06 -10.0609976034695
3.19364 0.06 -10.1969816595567
3.21864 0.06 -10.331960052854
3.24364 0.06 -10.4659430707222
3.26864 0.06 -10.5989556520603
3.29364 0.06 -10.7309890143492
3.31864 0.06 -10.8620058090822
3.34364 0.06 -10.992082767004
3.36864 0.06 -11.1211647233366
3.39364 0.06 -11.249282155866
3.41864 0.06 -11.3764440386137
3.44364 0.06 -11.5026655986058
3.46864 0.06 -11.6278983003812
3.49364 0.06 -11.7521829596132
3.51864 0.06 -11.8755167395604
3.54364 0.06 -11.9979196088593
3.56864 0.06 -12.1193639841244
3.59364 0.06 -12.2398576770202
3.61864 0.06 -12.3594124148096
3.64364 0.06 -12.4780421572401
3.66864 0.06 -12.5957136753981
3.69364 0.06 -12.7124713118522
3.71864 0.06 -12.8282795630429
3.74364 0.06 -12.9431433295849
3.76864 0.06 -13.0570959032371
3.79364 0.06 -13.170125571522
3.81864 0.06 -13.2822493416812
1.36864 0.07 4.81232773407371
1.39364 0.07 4.42069954036938
1.41864 0.07 4.04316822456149
1.44364 0.07 3.67875698947413
1.46864 0.07 3.32657169505625
1.49364 0.07 2.9857867621789
1.51864 0.07 2.65565581262597
1.54364 0.07 2.33549043846606
1.56864 0.07 2.02464385611083
1.59364 0.07 1.72253602447151
1.61864 0.07 1.42862515377076
1.64364 0.07 1.14241489613061
1.66864 0.07 0.863432568136582
1.69364 0.07 0.591258282618316
1.71864 0.07 0.325491997177351
1.74364 0.07 0.0657674246985323
1.76864 0.07 -0.188258108166326
1.79364 0.07 -0.436904579529337
1.81864 0.07 -0.680460409230781
1.84364 0.07 -0.919206295967416
1.86864 0.07 -1.15339449298053
1.89364 0.07 -1.38327135798017
1.91864 0.07 -1.60904855120269
1.94364 0.07 -1.83093888210727
1.96864 0.07 -2.04913566591952
1.99364 0.07 -2.26381676204499
2.01864 0.07 -2.47515808356131
2.04364 0.07 -2.68330936554876
2.06864 0.07 -2.88842626797553
2.09364 0.07 -3.09064172907648
2.11864 0.07 -3.29007679317714
2.14364 0.07 -3.48687570785419
2.16864 0.07 -3.68113286499531
2.19364 0.07 -3.87298279326156
2.21864 0.07 -4.06247878721437
2.24364 0.07 -4.24973824047662
2.26864 0.07 -4.43483461500592
2.29364 0.07 -4.61788404539414
2.31864 0.07 -4.79893182944618
2.34364 0.07 -4.97807494020422
2.36864 0.07 -5.15534134948379
2.39364 0.07 -5.33085257285942
2.41864 0.07 -5.50460786486342
2.44364 0.07 -5.67667157927853
2.46864 0.07 -5.84714577890925
2.49364 0.07 -6.01602500614138
2.51864 0.07 -6.18337883331115
2.54364 0.07 -6.34923616970969
2.56864 0.07 -6.51364689358809
2.59364 0.07 -6.6766594772091
2.61864 0.07 -6.83826281081206
2.64364 0.07 -6.99856792095954
2.66864 0.07 -7.15751585328733
2.69364 0.07 -7.31518593021292
2.71864 0.07 -7.47160419666032
2.74364 0.07 -7.62679429996288
2.76864 0.07 -7.78074667614254
2.79364 0.07 -7.93350926667319
2.81864 0.07 -8.08510689375697
2.84364 0.07 -8.23557435964141
2.86864 0.07 -8.38487359499204
2.89364 0.07 -8.53307219336613
2.91864 0.07 -8.68014488147955
2.94364 0.07 -8.82613399375109
2.96864 0.07 -8.97104448323094
2.99364 0.07 -9.11487259913859
3.01864 0.07 -9.25765876857727
3.04364 0.07 -9.39937695469597
3.06864 0.07 -9.54009087876328
3.09364 0.07 -9.6797485038568
3.11864 0.07 -9.81839895179601
3.14364 0.07 -9.95602062436029
3.16864 0.07 -10.092645376382
3.19364 0.07 -10.2282766159752
3.21864 0.07 -10.3628951506868
3.24364 0.07 -10.4965308242268
3.26864 0.07 -10.6291999020572
3.29364 0.07 -10.7608625409543
3.31864 0.07 -10.8915830858066
3.34364 0.07 -11.0213225890456
3.36864 0.07 -11.1500785323773
3.39364 0.07 -11.2778780423289
3.41864 0.07 -11.4047180350096
3.44364 0.07 -11.5306256978746
3.46864 0.07 -11.6555483281542
3.49364 0.07 -11.7795274386294
3.51864 0.07 -11.9025570291289
3.54364 0.07 -12.0246622015035
3.56864 0.07 -12.1458094777235
3.59364 0.07 -12.2660118538322
3.61864 0.07 -12.3852777672829
3.64364 0.07 -12.503591938958
3.66864 0.07 -12.6210161268865
3.69364 0.07 -12.7374596641557
3.71864 0.07 -12.8529918777907
3.74364 0.07 -12.9676129588527
3.76864 0.07 -13.0812955535043
3.79364 0.07 -13.1940607753456
3.81864 0.07 -13.3058865111944
1.36864 0.08 4.73555413500055
1.39364 0.08 4.34413852034859
1.41864 0.08 3.96694743511636
1.44364 0.08 3.60298062436415
1.46864 0.08 3.25133458799941
1.49364 0.08 2.91117042640334
1.51864 0.08 2.58172203908843
1.54364 0.08 2.26228784299766
1.56864 0.08 1.95222328297895
1.59364 0.08 1.65093018496337
1.61864 0.08 1.35786292637396
1.64364 0.08 1.07251190448191
1.66864 0.08 0.794409541333645
1.69364 0.08 0.523125780979412
1.71864 0.08 0.258258446093066
1.74364 0.08 -0.000562988162357846
1.76864 0.08 -0.25368510734873
1.79364 0.08 -0.50142634757722
1.81864 0.08 -0.744086706249509
1.84364 0.08 -0.981941121792358
1.86864 0.08 -1.21524636774954
1.89364 0.08 -1.44424169038045
1.91864 0.08 -1.66915239836177
1.94364 0.08 -1.89018713138202
1.96864 0.08 -2.10753954802372
1.99364 0.08 -2.32139173158057
2.01864 0.08 -2.53191047035635
2.04364 0.08 -2.73925877346859
2.06864 0.08 -2.94357879552535
2.09364 0.08 -3.14501543076702
2.11864 0.08 -3.34369700395427
2.14364 0.08 -3.53974411446112
2.16864 0.08 -3.73326300046151
2.19364 0.08 -3.92435925272092
2.21864 0.08 -4.11314313659255
2.24364 0.08 -4.29973589374902
2.26864 0.08 -4.48414780271872
2.29364 0.08 -4.66652562793581
2.31864 0.08 -4.84691551005538
2.34364 0.08 -5.02541319028679
2.36864 0.08 -5.20204831850643
2.39364 0.08 -5.37690964043822
2.41864 0.08 -5.55005735022067
2.44364 0.08 -5.72155363905565
2.46864 0.08 -5.89144317119329
2.49364 0.08 -6.0597486873261
2.51864 0.08 -6.22654075760516
2.54364 0.08 -6.39184511436495
2.56864 0.08 -6.55571545627677
2.59364 0.08 -6.71816730990948
2.61864 0.08 -6.87927844143449
2.64364 0.08 -7.03904252913508
2.66864 0.08 -7.19751969154837
2.69364 0.08 -7.35469499363525
2.71864 0.08 -7.51062857354249
2.74364 0.08 -7.66531372458436
2.76864 0.08 -7.8188282095887
2.79364 0.08 -7.97113133982873
2.81864 0.08 -8.12227810874866
2.84364 0.08 -8.27227308370657
2.86864 0.08 -8.42116526446685
2.89364 0.08 -8.56890593584407
2.91864 0.08 -8.71555933546868
2.94364 0.08 -8.86112991079048
2.96864 0.08 -9.00563314823141
2.99364 0.08 -9.14908892336994
3.01864 0.08 -9.29145090220739
3.04364 0.08 -9.43280781638241
3.06864 0.08 -9.57310871139998
3.09364 0.08 -9.71241773692229
3.11864 0.08 -9.85066639279482
3.14364 0.08 -9.98795064163006
3.16864 0.08 -10.1242118346898
3.19364 0.08 -10.2594586299239
3.21864 0.08 -10.3937561832282
3.24364 0.08 -10.527043819849
3.26864 0.08 -10.6593658110785
3.29364 0.08 -10.790695874126
3.31864 0.08 -10.9210761737906
3.34364 0.08 -11.050464250015
3.36864 0.08 -11.1789255531605
3.39364 0.08 -11.3064075391859
3.41864 0.08 -11.4329309423884
3.44364 0.08 -11.5584952076005
3.46864 0.08 -11.6831371757571
3.49364 0.08 -11.8068107231732
3.51864 0.08 -11.9295385782581
3.54364 0.08 -12.0513169809131
3.56864 0.08 -12.1721700427011
3.59364 0.08 -12.292111626136
3.61864 0.08 -12.4110900576558
3.64364 0.08 -12.5290963090978
3.66864 0.08 -12.6462317706059
3.69364 0.08 -12.7624282370605
3.71864 0.08 -12.8776862404249
3.74364 0.08 -12.9920354659585
3.76864 0.08 -13.1054492753396
3.79364 0.08 -13.2179459854122
3.81864 0.08 -13.3295073256544
1.36864 0.09 4.65875764628726
1.39364 0.09 4.26755402695973
1.41864 0.09 3.89070354376074
1.44364 0.09 3.52719526993966
1.46864 0.09 3.17609295593596
1.49364 0.09 2.83655517555437
1.51864 0.09 2.50779749790779
1.54364 0.09 2.18911308178776
1.56864 0.09 1.87983286046167
1.59364 0.09 1.57936374950167
1.61864 0.09 1.28714676934459
1.64364 0.09 1.00267039200084
1.66864 0.09 0.725456705022776
1.69364 0.09 0.455071710936912
1.71864 0.09 0.191110024889835
1.74364 0.09 -0.0668027414367466
1.76864 0.09 -0.31901476164487
1.79364 0.09 -0.565851938832977
1.81864 0.09 -0.807606213929555
1.84364 0.09 -1.04456325931529
1.86864 0.09 -1.27697890139356
1.89364 0.09 -1.50509710267408
1.91864 0.09 -1.72913834587185
1.94364 0.09 -1.94931442160185
1.96864 0.09 -2.16581958292555
1.99364 0.09 -2.37883532345031
2.01864 0.09 -2.5885351626818
2.04364 0.09 -2.79507250443179
2.06864 0.09 -2.99860165459107
2.09364 0.09 -3.19925666363247
2.11864 0.09 -3.39717141331474
2.14364 0.09 -3.59246642353375
2.16864 0.09 -3.78524686032117
2.19364 0.09 -3.97561758886246
2.21864 0.09 -4.16369095385488
2.24364 0.09 -4.34955698376852
2.26864 0.09 -4.53331422035597
2.29364 0.09 -4.71502236070702
2.31864 0.09 -4.89475664495187
2.34364 0.09 -5.07260797618571
2.36864 0.09 -5.24861123855239
2.39364 0.09 -5.42285356214331
2.41864 0.09 -5.59539287612874
2.44364 0.09 -5.76629445916264
2.46864 0.09 -5.93557041000616
2.49364 0.09 -6.10333404293035
2.51864 0.09 -6.26953476669027
2.54364 0.09 -6.43431935633463
2.56864 0.09 -6.59764835652362
2.59364 0.09 -6.75957141985799
2.61864 0.09 -6.92016293388281
2.64364 0.09 -7.07941174818282
2.66864 0.09 -7.23739404714141
2.69364 0.09 -7.3940776521407
2.71864 0.09 -7.54952902492525
2.74364 0.09 -7.70374039867829
2.76864 0.09 -7.85679528241482
2.79364 0.09 -8.00863519120485
2.81864 0.09 -8.15933257265873
2.84364 0.09 -8.30888444347464
2.86864 0.09 -8.45734375602955
2.89364 0.09 -8.60465614758073
2.91864 0.09 -8.75088964126195
2.94364 0.09 -8.89604931004997
2.96864 0.09 -9.04014547296349
2.99364 0.09 -9.18317020016822
3.01864 0.09 -9.32516758534705
3.04364 0.09 -9.46613772609702
3.06864 0.09 -9.60605672267408
3.09364 0.09 -9.7449599427533
3.11864 0.09 -9.88286735577731
3.14364 0.09 -10.0197863578095
3.16864 0.09 -10.1556892626134
3.19364 0.09 -10.2905792416774
3.21864 0.09 -10.4245267668505
3.24364 0.09 -10.5574692545543
3.26864 0.09 -10.6894553574192
3.29364 0.09 -10.8204446162461
3.31864 0.09 -10.9504933221458
3.34364 0.09 -11.0795540841315
3.36864 0.09 -11.2076922583949
3.39364 0.09 -11.33485180629
3.41864 0.09 -11.4610619300821
3.44364 0.09 -11.5863151011138
3.46864 0.09 -11.7106508759563
3.49364 0.09 -11.8340213307881
3.51864 0.09 -11.9564507382001
3.54364 0.09 -12.077931693183
3.56864 0.09 -12.1984918007573
3.59364 0.09 -12.318112778834
3.61864 0.09 -12.4368369190639
3.64364 0.09 -12.5545829834056
3.66864 0.09 -12.6714162156447
3.69364 0.09 -12.7873353745777
3.71864 0.09 -12.9023191639062
3.74364 0.09 -13.0164005366866
3.76864 0.09 -13.1295438780605
3.79364 0.09 -13.2417759565983
3.81864 0.09 -13.3530797183807
1.36864 0.1 4.58192087593231
1.39364 0.1 4.19093645406957
1.41864 0.1 3.81444092882894
1.44364 0.1 3.45139281151363
1.46864 0.1 3.10085241440979
1.49364 0.1 2.76194600372759
1.51864 0.1 2.4338944633612
1.54364 0.1 2.11595887885085
1.56864 0.1 1.80748147312414
1.59364 0.1 1.50784189922598
1.61864 0.1 1.21648520196931
1.64364 0.1 0.932886845098699
1.66864 0.1 0.656568175093681
1.69364 0.1 0.387089782347365
1.71864 0.1 0.1240411122219
1.74364 0.1 -0.132955488836713
1.76864 0.1 -0.38425124275937
1.79364 0.1 -0.630172721217208
1.81864 0.1 -0.871021711167151
1.84364 0.1 -1.10707738912497
1.86864 0.1 -1.33859879250296
1.89364 0.1 -1.56583038276842
1.91864 0.1 -1.78900095246291
1.94364 0.1 -2.0083120201426
1.96864 0.1 -2.22396812993052
1.99364 0.1 -2.43614927101383
2.01864 0.1 -2.64502290701975
2.04364 0.1 -2.85075441126624
2.06864 0.1 -3.05348485525227
2.09364 0.1 -3.25335835211822
2.11864 0.1 -3.45051721374043
2.14364 0.1 -3.64502860205005
2.16864 0.1 -3.83709917941955
2.19364 0.1 -4.02674539479123
2.21864 0.1 -4.21410804573017
2.24364 0.1 -4.39927631873831
2.26864 0.1 -4.58234996162243
2.29364 0.1 -4.76335894418613
2.31864 0.1 -4.94246426330296
2.34364 0.1 -5.11964405970778
2.36864 0.1 -5.29504587502426
2.39364 0.1 -5.46866899958911
2.41864 0.1 -5.64060348159998
2.44364 0.1 -5.81091106333777
2.46864 0.1 -5.97960462499368
2.49364 0.1 -6.14676757647064
2.51864 0.1 -6.31243789117696
2.54364 0.1 -6.47664373477504
2.56864 0.1 -6.63943517148577
2.59364 0.1 -6.80086021248637
2.61864 0.1 -6.96093249909706
2.64364 0.1 -7.11967830721701
2.66864 0.1 -7.27712624736708
2.69364 0.1 -7.43332099967445
2.71864 0.1 -7.58829061553277
2.74364 0.1 -7.74205980994151
2.76864 0.1 -7.89461535495524
2.79364 0.1 -8.04603545329695
2.81864 0.1 -8.19628473856915
2.84364 0.1 -8.3453979653596
2.86864 0.1 -8.49339460891835
2.89364 0.1 -8.64031284844461
2.91864 0.1 -8.78612752274717
2.94364 0.1 -8.93087077670919
2.96864 0.1 -9.07456557399644
2.99364 0.1 -9.21719334405754
3.01864 0.1 -9.3587961434289
3.04364 0.1 -9.49935305117976
3.06864 0.1 -9.63892073493736
3.09364 0.1 -9.7774493264405
3.11864 0.1 -9.9149877500556
3.14364 0.1 -10.0515135286312
3.16864 0.1 -10.1870580148461
3.19364 0.1 -10.3216241396832
3.21864 0.1 -10.4551932230942
3.24364 0.1 -10.5878240535901
3.26864 0.1 -10.7194390247941
3.29364 0.1 -10.8501214206927
3.31864 0.1 -10.9798124984893
3.34364 0.1 -11.1085779373835
3.36864 0.1 -11.2363645023352
3.39364 0.1 -11.3632101794077
3.41864 0.1 -11.4891321939386
3.44364 0.1 -11.6140766799705
3.46864 0.1 -11.738077474047
3.49364 0.1 -11.861145169627
3.51864 0.1 -11.9833058643965
3.54364 0.1 -12.1044986449156
3.56864 0.1 -12.2247586572576
3.59364 0.1 -12.3440940250132
3.61864 0.1 -12.4625012897987
3.64364 0.1 -12.5799969525864
3.66864 0.1 -12.6965508996275
3.69364 0.1 -12.8121949837985
3.71864 0.1 -12.9269063024078
3.74364 0.1 -13.040685241029
3.76864 0.1 -13.1535648016521
3.79364 0.1 -13.2655330002824
3.81864 0.1 -13.376606268033
1.36864 0.11 4.50504680316913
1.39364 0.11 4.11428658361946
1.41864 0.11 3.73814416823292
1.44364 0.11 3.37557265013799
1.46864 0.11 3.02559535598091
1.49364 0.11 2.6873392435539
1.51864 0.11 2.35999356092332
1.54364 0.11 2.04282607531794
1.56864 0.11 1.73515125321786
1.59364 0.11 1.43635593856232
1.61864 0.11 1.14586714381343
1.64364 0.11 0.863160236086543
1.66864 0.11 0.587746771157532
1.69364 0.11 0.319182704013289
1.71864 0.11 0.0570541983539997
1.74364 0.11 -0.199019670757445
1.76864 0.11 -0.449394693227577
1.79364 0.11 -0.694398795357429
1.81864 0.11 -0.934330842642321
1.84364 0.11 -1.16947882326083
1.86864 0.11 -1.40010456782493
1.89364 0.11 -1.62644984829864
1.91864 0.11 -1.848740316991
1.94364 0.11 -2.06719028250066
1.96864 0.11 -2.28199370645447
1.99364 0.11 -2.4933319852013
2.01864 0.11 -2.70138279676368
2.04364 0.11 -2.90630031107769
2.06864 0.11 -3.10823492110297
2.09364 0.11 -3.30732540261827
2.11864 0.11 -3.50371692749924
2.14364 0.11 -3.69747381319345
2.16864 0.11 -3.88877570223664
2.19364 0.11 -4.07772599097118
2.21864 0.11 -4.26437838824964
2.24364 0.11 -4.44884697087368
2.26864 0.11 -4.63123870612921
2.29364 0.11 -4.81157852076887
2.31864 0.11 -4.99003003240646
2.34364 0.11 -5.16656406362415
2.36864 0.11 -5.3413353256406
2.39364 0.11 -5.51434240895219
2.41864 0.11 -5.6856706142401
2.44364 0.11 -5.85538594618633
2.46864 0.11 -6.02349837477832
2.49364 0.11 -6.19009245606506
2.51864 0.11 -6.35520340532373
2.54364 0.11 -6.51886236800903
2.56864 0.11 -6.68111532901932
2.59364 0.11 -6.84201542272906
2.61864 0.11 -7.0015669907189
2.64364 0.11 -7.15981006528417
2.66864 0.11 -7.31676087765153
2.69364 0.11 -7.47246799667092
2.71864 0.11 -7.62696004668855
2.74364 0.11 -7.78025634676419
2.76864 0.11 -7.9323502632943
2.79364 0.11 -8.08331651502085
2.81864 0.11 -8.23312238335857
2.84364 0.11 -8.38179563676065
2.86864 0.11 -8.52936065085524
2.89364 0.11 -8.67585547096051
2.91864 0.11 -8.82125360542543
2.94364 0.11 -8.96559180258767
2.96864 0.11 -9.10887966753566
2.99364 0.11 -9.2511108425746
3.01864 0.11 -9.39232491282654
3.04364 0.11 -9.5324958103049
3.06864 0.11 -9.67168562063143
3.09364 0.11 -9.80984079247986
3.11864 0.11 -9.94701107294539
3.14364 0.11 -10.0831757700947
3.16864 0.11 -10.2183635166082
3.19364 0.11 -10.3525780711323
3.21864 0.11 -10.4858011109111
3.24364 0.11 -10.6180872466666
3.26864 0.11 -10.7493672771467
3.29364 0.11 -10.8797199821801
3.31864 0.11 -11.0090795314231
3.34364 0.11 -11.1375220515367
3.36864 0.11 -11.2649867526112
3.39364 0.11 -11.39151436743
3.41864 0.11 -11.517096379675
3.44364 0.11 -11.6417625189417
3.46864 0.11 -11.7654590110922
3.49364 0.11 -11.8882258622193
3.51864 0.11 -12.0100593955259
3.54364 0.11 -12.1309816076693
3.56864 0.11 -12.2509598487785
3.59364 0.11 -12.3700066791581
3.61864 0.11 -12.488130303396
3.64364 0.11 -12.6053451480035
3.66864 0.11 -12.7216225595992
3.69364 0.11 -12.8369919579084
3.71864 0.11 -12.9514316378351
3.74364 0.11 -13.0649426915554
3.76864 0.11 -13.1775569014705
3.79364 0.11 -13.289262514277
3.81864 0.11 -13.4000755259132
1.36864 0.12 4.42811954179375
1.39364 0.12 4.0375891087847
1.41864 0.12 3.66181889190703
1.44364 0.12 3.29972495207417
1.46864 0.12 2.95032770306255
1.49364 0.12 2.61272755727635
1.51864 0.12 2.28610473865233
1.54364 0.12 1.96970624298477
1.56864 0.12 1.66285349722834
1.59364 0.12 1.36490891733647
1.61864 0.12 1.07529903604881
1.64364 0.12 0.793487420620163
1.66864 0.12 0.518985902894379
1.69364 0.12 0.251344568018967
1.71864 0.12 -0.00985918915317028
1.74364 0.12 -0.265000641444676
1.76864 0.12 -0.514446506802265
1.79364 0.12 -0.758522732135516
1.81864 0.12 -0.997537740779455
1.84364 0.12 -1.23177409237696
1.86864 0.12 -1.46149644478493
1.89364 0.12 -1.68694804720445
1.91864 0.12 -1.90836088126226
1.94364 0.12 -2.12593850430021
1.96864 0.12 -2.33988759920088
1.99364 0.12 -2.55038658102868
2.01864 0.12 -2.75760664487578
2.04364 0.12 -2.96171314037334
2.06864 0.12 -3.16284784218114
2.09364 0.12 -3.36115319621947
2.11864 0.12 -3.55675384782107
2.14364 0.12 -3.74978871297779
2.16864 0.12 -3.94034693002743
2.19364 0.12 -4.12857185841311
2.21864 0.12 -4.31451170900394
2.24364 0.12 -4.49828707409302
2.26864 0.12 -4.67996513618743
2.29364 0.12 -4.8596670742297
2.31864 0.12 -5.03742869044839
2.34364 0.12 -5.21335186086222
2.36864 0.12 -5.38746649739892
2.39364 0.12 -5.55988446686441
2.41864 0.12 -5.7306094018299
2.44364 0.12 -5.89970291819653
2.46864 0.12 -6.06726377802998
2.49364 0.12 -6.23328972074127
2.51864 0.12 -6.39784451284218
2.54364 0.12 -6.560956944212
2.56864 0.12 -6.72267555258814
2.59364 0.12 -6.88304722091102
2.61864 0.12 -7.04206023261058
2.64364 0.12 -7.19982306696891
2.66864 0.12 -7.3562800979193
2.69364 0.12 -7.51149988234062
2.71864 0.12 -7.66551387009523
2.74364 0.12 -7.81834309355545
2.76864 0.12 -7.96996961882597
2.79364 0.12 -8.12046176952127
2.81864 0.12 -8.26982167013973
2.84364 0.12 -8.41808964480828
2.86864 0.12 -8.56522637555237
2.89364 0.12 -8.71129928652961
2.91864 0.12 -8.856280378306
2.94364 0.12 -9.0002130467166
2.96864 0.12 -9.14309968346532
2.99364 0.12 -9.2849361223068
3.01864 0.12 -9.42576128210541
3.04364 0.12 -9.56554994114597
3.06864 0.12 -9.70436227663279
3.09364 0.12 -9.84214712853216
3.11864 0.12 -9.97895292149093
3.14364 0.12 -10.1147563194851
3.16864 0.12 -10.2495891461839
3.19364 0.12 -10.3834535303595
3.21864 0.12 -10.5163310697969
3.24364 0.12 -10.648247531432
3.26864 0.12 -10.7792214960333
3.29364 0.12 -10.9092121845556
3.31864 0.12 -11.0382754600545
3.34364 0.12 -11.166394703883
3.36864 0.12 -11.2935416506701
3.39364 0.12 -11.4197567815957
3.41864 0.12 -11.5450262441577
3.44364 0.12 -11.6693854385105
3.46864 0.12 -11.7927793653638
3.49364 0.12 -11.9152471186086
3.51864 0.12 -12.036782863858
3.54364 0.12 -12.1574131245719
3.56864 0.12 -12.2771047557003
3.59364 0.12 -12.395864816903
3.61864 0.12 -12.5137091040514
3.64364 0.12 -12.6306127353988
3.66864 0.12 -12.7466430805619
3.69364 0.12 -12.8617093213903
3.71864 0.12 -12.9758806198092
3.74364 0.12 -13.0891507155769
3.76864 0.12 -13.2015029947733
3.79364 0.12 -13.3129480859004
3.81864 0.12 -13.4234713026453
1.36864 0.13 4.35114246932456
1.39364 0.13 3.96084523647857
1.41864 0.13 3.58545149355602
1.44364 0.13 3.22384759019991
1.46864 0.13 2.87503816203216
1.49364 0.13 2.53810417738738
1.51864 0.13 2.2122123342299
1.54364 0.13 1.89660035910394
1.56864 0.13 1.59057496554728
1.59364 0.13 1.29349165640219
1.61864 0.13 1.00477085037109
1.64364 0.13 0.723863707042238
1.66864 0.13 0.450290311943339
1.69364 0.13 0.183578179278328
1.71864 0.13 -0.0766860887932302
1.74364 0.13 -0.330897041495144
1.76864 0.13 -0.579405910542714
1.79364 0.13 -0.82255180139945
1.81864 0.13 -1.06064291927745
1.84364 0.13 -1.29396223445004
1.86864 0.13 -1.52277645929441
1.89364 0.13 -1.74733007572939
1.91864 0.13 -1.96785666930994
1.94364 0.13 -2.18456560253584
1.96864 0.13 -2.39765702523853
1.99364 0.13 -2.60731099947662
2.01864 0.13 -2.81370094568827
2.04364 0.13 -3.01698959563201
2.06864 0.13 -3.21732593496423
2.09364 0.13 -3.41484678722736
2.11864 0.13 -3.60968465550813
2.14364 0.13 -3.80194735319416
2.16864 0.13 -3.99176671385218
2.19364 0.13 -4.17926561133446
2.21864 0.13 -4.36449324394986
2.24364 0.13 -4.54757177300025
2.26864 0.13 -4.72859599415474
2.29364 0.13 -4.9075978964354
2.31864 0.13 -5.08473648115841
2.34364 0.13 -5.25998849077831
2.36864 0.13 -5.43350380025345
2.39364 0.13 -5.60527759971578
2.41864 0.13 -5.77539953222897
2.44364 0.13 -5.94393173180825
2.46864 0.13 -6.11088583322512
2.49364 0.13 -6.27634353505982
2.51864 0.13 -6.44034268808984
2.54364 0.13 -6.60291036410886
2.56864 0.13 -6.76409565553195
2.59364 0.13 -6.92394432741072
2.61864 0.13 -7.08247249941514
2.64364 0.13 -7.23970386676306
2.66864 0.13 -7.39566671491569
2.69364 0.13 -7.55040049452677
2.71864 0.13 -7.70393927669307
2.74364 0.13 -7.85630188030157
2.76864 0.13 -8.00747654933025
2.79364 0.13 -8.15754096043938
2.81864 0.13 -8.30645862589402
2.84364 0.13 -8.45426297117138
2.86864 0.13 -8.60097212478632
2.89364 0.13 -8.74662538610775
2.91864 0.13 -8.89119634321286
2.94364 0.13 -9.03472048330458
2.96864 0.13 -9.17720773351014
2.99364 0.13 -9.31865293695251
3.01864 0.13 -9.45908972534914
3.04364 0.13 -9.59849730672353
3.06864 0.13 -9.73693467333085
3.09364 0.13 -9.87435018429673
3.11864 0.13 -10.0107918993406
3.14364 0.13 -10.1462369947167
3.16864 0.13 -10.2807163325875
3.19364 0.13 -10.4142328098509
3.21864 0.13 -10.5467665719691
3.24364 0.13 -10.6783442681888
3.26864 0.13 -10.8089840779105
3.29364 0.13 -10.9386759436722
3.31864 0.13 -11.0673834585283
3.34364 0.13 -11.19517987122
3.36864 0.13 -11.3220111177918
3.39364 0.13 -11.4479151537262
3.41864 0.13 -11.5728735847116
3.44364 0.13 -11.6969278630569
3.46864 0.13 -11.8200200933506
3.49364 0.13 -11.9421897758639
3.51864 0.13 -12.0634325867468
3.54364 0.13 -12.1837706285981
3.56864 0.13 -12.3031766046612
3.59364 0.13 -12.4216501232415
3.61864 0.13 -12.5392103197783
3.64364 0.13 -12.6558680917917
3.66864 0.13 -12.7715939912612
3.69364 0.13 -12.8863876249794
3.71864 0.13 -13.0003204146024
3.74364 0.13 -13.1132982610378
3.76864 0.13 -13.2253852585375
3.79364 0.13 -13.3365716249863
3.81864 0.13 -13.4468655324251
1.36864 0.14 4.27410019695898
1.39364 0.14 3.88405354769435
1.41864 0.14 3.50903574508864
1.44364 0.14 3.14793869957298
1.46864 0.14 2.79972505334024
1.49364 0.14 2.46346793078625
1.51864 0.14 2.13831908409936
1.54364 0.14 1.82350772017858
1.56864 0.14 1.51831707517858
1.59364 0.14 1.22210707016673
1.61864 0.14 0.934281863192652
1.64364 0.14 0.654299492690653
1.66864 0.14 0.381650056827728
1.69364 0.14 0.115879957980853
1.71864 0.14 -0.143443836817745
1.74364 0.14 -0.396706327320111
1.76864 0.14 -0.644274212260873
1.79364 0.14 -0.886485035625047
1.81864 0.14 -1.12364148171852
1.84364 0.14 -1.35603976721823
1.86864 0.14 -1.58394451638178
1.89364 0.14 -1.80759802546333
1.91864 0.14 -2.02723550741978
1.94364 0.14 -2.24306918219977
1.96864 0.14 -2.45529895632576
1.99364 0.14 -2.66410282956375
2.01864 0.14 -2.86966432184127
2.04364 0.14 -3.07213482047282
2.06864 0.14 -3.27166835321701
2.09364 0.14 -3.46840261242672
2.11864 0.14 -3.66246655686448
2.14364 0.14 -3.85399484424087
2.16864 0.14 -4.04307321204346
2.19364 0.14 -4.2298158498561
2.21864 0.14 -4.41433125325591
2.24364 0.14 -4.59671346990682
2.26864 0.14 -4.77705360673203
2.29364 0.14 -4.95541889983911
2.31864 0.14 -5.13187358639178
2.34364 0.14 -5.30648541106711
2.36864 0.14 -5.47937229606493
2.39364 0.14 -5.65053184964557
2.41864 0.14 -5.82005206811927
2.44364 0.14 -5.98799486304365
2.46864 0.14 -6.15437094861341
2.49364 0.14 -6.31926291818517
2.51864 0.14 -6.48270788561881
2.54364 0.14 -6.64473297504637
2.56864 0.14 -6.80541441186544
2.59364 0.14 -6.96471204424488
2.61864 0.14 -7.12272896775661
2.64364 0.14 -7.27945562987276
2.66864 0.14 -7.434927767744
2.69364 0.14 -7.58920936443126
2.71864 0.14 -7.74227367156716
2.74364 0.14 -7.89414205042353
2.76864 0.14 -8.04489013654815
2.79364 0.14 -8.1944760916003
2.81864 0.14 -8.34295345212146
2.84364 0.14 -8.49032360540738
2.86864 0.14 -8.63660867751104
2.89364 0.14 -8.7818437248531
2.91864 0.14 -8.92600432945682
2.94364 0.14 -9.06912412503888
2.96864 0.14 -9.21121362169706
2.99364 0.14 -9.3522663730011
3.01864 0.14 -9.49231949968081
3.04364 0.14 -9.63137739796547
3.06864 0.14 -9.76941021475735
3.09364 0.14 -9.90646127553379
3.11864 0.14 -10.0425380879996
3.14364 0.14 -10.1776278987044
3.16864 0.14 -10.3117555513932
3.19364 0.14 -10.4449257801431
3.21864 0.14 -10.5771172979402
3.24364 0.14 -10.7083876132223
3.26864 0.14 -10.8386651762877
3.29364 0.14 -10.9680278018515
3.31864 0.14 -11.096443152848
3.34364 0.14 -11.2238896023331
3.36864 0.14 -11.3504046931014
3.39364 0.14 -11.475996025837
3.41864 0.14 -11.6006785946413
3.44364 0.14 -11.7244000934029
3.46864 0.14 -11.8471908639552
3.49364 0.14 -11.9690961723121
3.51864 0.14 -12.0900459586243
3.54364 0.14 -12.2100627988961
3.56864 0.14 -12.3291800107423
3.59364 0.14 -12.4473729777725
3.61864 0.14 -12.5646533841038
3.64364 0.14 -12.6810344969817
3.66864 0.14 -12.7964850352119
3.69364 0.14 -12.9110414192075
3.71864 0.14 -13.0246750390061
3.74364 0.14 -13.1373882432812
3.76864 0.14 -13.2492430742987
3.79364 0.14 -13.3601388022873
3.81864 0.14 -13.4701774548795
1.36864 0.15 4.19698977944718
1.39364 0.15 3.80719708329848
1.41864 0.15 3.43257801781841
1.44364 0.15 3.07198671704992
1.46864 0.15 2.72438351301491
1.49364 0.15 2.38881688179285
1.51864 0.15 2.06442197260887
1.54364 0.15 1.75041463952051
1.56864 0.15 1.44607695448279
1.59364 0.15 1.15075128463688
1.61864 0.15 0.863835327978158
1.64364 0.15 0.584775236255206
1.66864 0.15 0.313069286323261
1.69364 0.15 0.0482456420567237
1.71864 0.15 -0.21012439027467
1.74364 0.15 -0.462438240208473
1.76864 0.15 -0.709056749138514
1.79364 0.15 -0.950320288366695
1.81864 0.15 -1.18654351539874
1.84364 0.15 -1.41801319583088
1.86864 0.15 -1.6449986672091
1.89364 0.15 -1.86774755965409
1.91864 0.15 -2.08649193115423
1.94364 0.15 -2.30144475897852
1.96864 0.15 -2.51280983106983
1.99364 0.15 -2.72076911985604
2.01864 0.15 -2.92549248968953
2.04364 0.15 -3.12714554694048
2.06864 0.15 -3.3258733772458
2.09364 0.15 -3.52181816480838
2.11864 0.15 -3.71511206368524
2.14364 0.15 -3.90588070766037
2.16864 0.15 -4.09421740051591
2.19364 0.15 -4.28023348916566
2.21864 0.15 -4.4640384243879
2.24364 0.15 -4.64572172993986
2.26864 0.15 -4.82538257407499
2.29364 0.15 -5.00307721584096
2.31864 0.15 -5.17887751694278
2.34364 0.15 -5.35284897749775
2.36864 0.15 -5.52510896407372
2.39364 0.15 -5.69565506994683
2.41864 0.15 -5.86457500163841
2.44364 0.15 -6.03193019428233
2.46864 0.15 -6.19772896675369
2.49364 0.15 -6.36205621506609
2.51864 0.15 -6.52494801117212
2.54364 0.15 -6.68645971613596
2.56864 0.15 -6.84658225548223
2.59364 0.15 -7.00535829103442
2.61864 0.15 -7.16286656532784
2.64364 0.15 -7.31909563379677
2.66864 0.15 -7.47407347560553
2.69364 0.15 -7.62787256030649
2.71864 0.15 -7.78046730288622
2.74364 0.15 -7.93187200588198
2.76864 0.15 -8.08216429927368
2.79364 0.15 -8.23130482180295
2.81864 0.15 -8.37934339635132
2.84364 0.15 -8.52628403205773
2.86864 0.15 -8.6721449212851
2.89364 0.15 -8.81696365811734
2.91864 0.15 -8.96071474483086
2.94364 0.15 -9.10343256733361
2.96864 0.15 -9.24512709303557
2.99364 0.15 -9.38578871014731
3.01864 0.15 -9.52545907100166
3.04364 0.15 -9.6641389591554
3.06864 0.15 -9.80180301318221
3.09364 0.15 -9.93848514386762
3.11864 0.15 -10.074204244801
3.14364 0.15 -10.2089375687882
3.16864 0.15 -10.3427145071007
3.19364 0.15 -10.4755394800606
3.21864 0.15 -10.6074215099453
3.24364 0.15 -10.7383266969904
3.26864 0.15 -10.8682732661007
3.29364 0.15 -10.9973089513574
3.31864 0.15 -11.1253997659508
3.34364 0.15 -11.2525311714294
3.36864 0.15 -11.3787329984061
3.39364 0.15 -11.5040434978687
3.41864 0.15 -11.6283902316655
3.44364 0.15 -11.7518093732653
3.46864 0.15 -11.8743028627671
3.49364 0.15 -11.9959093542315
3.51864 0.15 -12.1165680604895
3.54364 0.15 -12.23629861739
3.56864 0.15 -12.3551290311207
3.59364 0.15 -12.4730418959349
3.61864 0.15 -12.5900441119228
3.64364 0.15 -12.7061492125931
3.66864 0.15 -12.8213304400915
3.69364 0.15 -12.935615082241
3.71864 0.15 -13.0489815386681
3.74364 0.15 -13.1614617777408
3.76864 0.15 -13.2730259949362
3.79364 0.15 -13.383662543431
3.81864 0.15 -13.4934482597646
1.36864 0.16 4.11980826148476
1.39364 0.16 3.7302743976959
1.41864 0.16 3.35605821848532
1.44364 0.16 2.99599292944213
1.46864 0.16 2.64900721005441
1.49364 0.16 2.31414097981753
1.51864 0.16 1.99051314383132
1.54364 0.16 1.67732522480012
1.56864 0.16 1.37384968295145
1.59364 0.16 1.07941614041897
1.61864 0.16 0.793420819391015
1.64364 0.16 0.515297930958339
1.66864 0.16 0.244542507470031
1.69364 0.16 -0.0193258913924788
1.71864 0.16 -0.276736210816013
1.74364 0.16 -0.528086057402224
1.76864 0.16 -0.773752097400789
1.79364 0.16 -1.01406317941499
1.81864 0.16 -1.24934370971492
1.84364 0.16 -1.47987983586867
1.86864 0.16 -1.70594198639009
1.89364 0.16 -1.92778180197283
1.91864 0.16 -2.1456296090167
1.94364 0.16 -2.35970192415946
1.96864 0.16 -2.57019806482638
1.99364 0.16 -2.77730406229458
2.01864 0.16 -2.98118996073635
2.04364 0.16 -3.18202121779749
2.06864 0.16 -3.37994366241778
2.09364 0.16 -3.57509898837559
2.11864 0.16 -3.76761461774998
2.14364 0.16 -3.95761033181805
2.16864 0.16 -4.1452048897847
2.19364 0.16 -4.33051932993733
2.21864 0.16 -4.51361653450927
2.24364 0.16 -4.6946032277705
2.26864 0.16 -4.87355191673809
2.29364 0.16 -5.0505785021601
2.31864 0.16 -5.22572577364453
2.34364 0.16 -5.3990870738406
2.36864 0.16 -5.57069169649
2.39364 0.16 -5.74065430061901
2.41864 0.16 -5.90897323224575
2.44364 0.16 -6.07571139443892
2.46864 0.16 -6.24096725802612
2.49364 0.16 -6.4047294441505
2.51864 0.16 -6.56707136848433
2.54364 0.16 -6.72801315528463
2.56864 0.16 -6.887605905476
2.59364 0.16 -7.04589367581551
2.61864 0.16 -7.20286323450388
2.64364 0.16 -7.35862214136172
2.66864 0.16 -7.51311239100515
2.69364 0.16 -7.66640475506434
2.71864 0.16 -7.81852672948407
2.74364 0.16 -7.96949995997965
2.76864 0.16 -8.11930964585372
2.79364 0.16 -8.26800631118348
2.81864 0.16 -8.4156357989307
2.84364 0.16 -8.56215199984668
2.86864 0.16 -8.70758672145258
2.89364 0.16 -8.85199012227054
2.91864 0.16 -8.99533568987962
2.94364 0.16 -9.13765217997877
2.96864 0.16 -9.27895149449006
2.99364 0.16 -9.41922669120057
3.01864 0.16 -9.55851567020161
3.04364 0.16 -9.69679216764365
3.06864 0.16 -9.83411478736229
3.09364 0.16 -9.97043373272032
3.11864 0.16 -10.1057936701364
3.14364 0.16 -10.240173136147
3.16864 0.16 -10.3736033681872
3.19364 0.16 -10.5060838675815
3.21864 0.16 -10.6375957663318
3.24364 0.16 -10.7681670099185
3.26864 0.16 -10.8978168519665
3.29364 0.16 -11.0264964802721
3.31864 0.16 -11.1542690619309
3.34364 0.16 -11.2811103616807
3.36864 0.16 -11.407000740056
3.39364 0.16 -11.5319739002576
3.41864 0.16 -11.6560158305056
3.44364 0.16 -11.7791630584061
3.46864 0.16 -11.9013588665606
3.49364 0.16 -12.0226489191386
3.51864 0.16 -12.143012591121
3.54364 0.16 -12.2624859168045
3.56864 0.16 -12.3810326149337
3.59364 0.16 -12.4986650133799
3.61864 0.16 -12.6153905238938
3.64364 0.16 -12.7312215032778
3.66864 0.16 -12.846132367796
3.69364 0.16 -12.9601175326961
3.71864 0.16 -13.0732502700119
3.74364 0.16 -13.185436554762
3.76864 0.16 -13.2967411405689
3.79364 0.16 -13.4071524751384
3.81864 0.16 -13.5166518019696
1.36864 0.17 4.04255322890659
1.39364 0.17 3.65327763009294
1.41864 0.17 3.27947818269713
1.44364 0.17 2.91994813670412
1.46864 0.17 2.57359414269517
1.49364 0.17 2.2394398654317
1.51864 0.17 1.91659182790487
1.54364 0.17 1.60423564614376
1.56864 0.17 1.30163309094925
1.59364 0.17 1.0081076793053
1.61864 0.17 0.723039876132893
1.64364 0.17 0.445865512646745
1.66864 0.17 0.176070606403733
1.69364 0.17 -0.0868320281543117
1.71864 0.17 -0.343273648593424
1.74364 0.17 -0.593655586917724
1.76864 0.17 -0.838355574309559
1.79364 0.17 -1.07771143397535
1.81864 0.17 -1.31204248887635
1.84364 0.17 -1.54163980554546
1.86864 0.17 -1.76677641017352
1.89364 0.17 -1.98770049233273
1.91864 0.17 -2.20464489434253
1.94364 0.17 -2.41783285192343
1.96864 0.17 -2.62745729759418
1.99364 0.17 -2.83370906191929
2.01864 0.17 -3.03675374200486
2.04364 0.17 -3.23676160540038
2.06864 0.17 -3.43387766728849
2.09364 0.17 -3.62824033106137
2.11864 0.17 -3.81998136624577
2.14364 0.17 -4.00922032473549
2.16864 0.17 -4.19607119632669
2.19364 0.17 -4.38066189257625
2.21864 0.17 -4.56304382175958
2.24364 0.17 -4.74333207055392
2.26864 0.17 -4.92159939263995
2.29364 0.17 -5.09795864413126
2.31864 0.17 -5.2724530061637
2.34364 0.17 -5.44517536773359
2.36864 0.17 -5.6161588358422
2.39364 0.17 -5.7855054666519
2.41864 0.17 -5.95322593791762
2.44364 0.17 -6.1193768949316
2.46864 0.17 -6.28405857294574
2.49364 0.17 -6.44726035560222
2.51864 0.17 -6.60905234343009
2.54364 0.17 -6.76945531287827
2.56864 0.17 -6.92852024448683
2.59364 0.17 -7.08629039049755
2.61864 0.17 -7.24275422855617
2.64364 0.17 -7.39798761827382
2.66864 0.17 -7.55201897896056
2.69364 0.17 -7.70483215640408
2.71864 0.17 -7.85648646895478
2.74364 0.17 -8.00699779478273
2.76864 0.17 -8.15635816664617
2.79364 0.17 -8.30461176298853
2.81864 0.17 -8.45177806072721
2.84364 0.17 -8.5978885652511
2.86864 0.17 -8.74291059531857
2.89364 0.17 -8.8868734899533
2.91864 0.17 -9.02984148487442
2.94364 0.17 -9.17175952738895
2.96864 0.17 -9.31263666538582
2.99364 0.17 -9.45255599707337
3.01864 0.17 -9.59146550673832
3.04364 0.17 -9.72936556774505
3.06864 0.17 -9.86629245801152
3.09364 0.17 -10.0022784203533
3.11864 0.17 -10.1372827844389
3.14364 0.17 -10.2713105501981
3.16864 0.17 -10.4043926778475
3.19364 0.17 -10.5365341129448
3.21864 0.17 -10.6677100909197
3.24364 0.17 -10.7979541750365
3.26864 0.17 -10.9272701106164
3.29364 0.17 -11.0556256484313
3.31864 0.17 -11.1830797396074
3.34364 0.17 -11.3096076799227
3.36864 0.17 -11.4351863813921
3.39364 0.17 -11.559851821268
3.41864 0.17 -11.68359075929
3.44364 0.17 -11.8064385716914
3.46864 0.17 -11.9283387515124
3.49364 0.17 -12.0493422878829
3.51864 0.17 -12.1694115836572
3.54364 0.17 -12.2885980180729
3.56864 0.17 -12.406864198244
3.59364 0.17 -12.5242129565153
3.61864 0.17 -12.6406662288228
3.64364 0.17 -12.7561950843597
3.66864 0.17 -12.8708652823574
3.69364 0.17 -12.9845845204913
3.71864 0.17 -13.0974224946011
3.74364 0.17 -13.2093747312429
3.76864 0.17 -13.3204246577939
3.79364 0.17 -13.4305762867125
3.81864 0.17 -13.5398264669182
1.36864 0.18 3.96519661029436
1.39364 0.18 3.57620291136903
1.41864 0.18 3.2028296150699
1.44364 0.18 2.84384187493329
1.46864 0.18 2.49813329125387
1.49364 0.18 2.16470697702371
1.51864 0.18 1.84264978983371
1.54364 0.18 1.53113994267731
1.56864 0.18 1.22942270021695
1.59364 0.18 0.936815980100917
1.61864 0.18 0.652689756189121
1.64364 0.18 0.376473539622413
1.66864 0.18 0.107646368156763
1.69364 0.18 -0.154278074410697
1.71864 0.18 -0.40974168312711
1.74364 0.18 -0.659148134539686
1.76864 0.18 -0.902877399098043
1.79364 0.18 -1.14126680409401
1.81864 0.18 -1.37464219626505
1.84364 0.18 -1.60329577264081
1.86864 0.18 -1.82749730585522
1.89364 0.18 -2.04750222863022
1.91864 0.18 -2.26354432237005
1.94364 0.18 -2.47584192707275
1.96864 0.18 -2.68458989931589
1.99364 0.18 -2.88998341719477
2.01864 0.18 -3.09218612565987
2.04364 0.18 -3.29136995670164
2.06864 0.18 -3.48767285662814
2.09364 0.18 -3.68124308210899
2.11864 0.18 -3.87220671374266
2.14364 0.18 -4.06068505225114
2.16864 0.18 -4.24679006881987
2.19364 0.18 -4.43065232221744
2.21864 0.18 -4.61232224702428
2.24364 0.18 -4.79191362267452
2.26864 0.18 -4.96949933971344
2.29364 0.18 -5.14519157357409
2.31864 0.18 -5.31903343715345
2.34364 0.18 -5.49111833926076
2.36864 0.18 -5.66147252325495
2.39364 0.18 -5.83021229797081
2.41864 0.18 -5.99733504398673
2.44364 0.18 -6.16290167629753
2.46864 0.18 -6.32700942126147
2.49364 0.18 -6.48965131092794
2.51864 0.18 -6.65089197643595
2.54364 0.18 -6.81076018040694
2.56864 0.18 -6.96929856840773
2.59364 0.18 -7.12655378854295
2.61864 0.18 -7.28251050907136
2.64364 0.18 -7.43728145285908
2.66864 0.18 -7.59079694402724
2.69364 0.18 -7.74313454554408
2.71864 0.18 -7.89432109917118
2.74364 0.18 -8.04437590385553
2.76864 0.18 -8.19328584168465
2.79364 0.18 -8.3410966972688
2.81864 0.18 -8.4878595265396
2.84364 0.18 -8.63351852046749
2.86864 0.18 -8.77812013640966
2.89364 0.18 -8.92170046038775
2.91864 0.18 -9.06423603168833
2.94364 0.18 -9.205757262732
2.96864 0.18 -9.34627472781458
2.99364 0.18 -9.48578026913667
3.01864 0.18 -9.62431182331349
3.04364 0.18 -9.76184221078146
3.06864 0.18 -9.89843126598598
3.09364 0.18 -10.0340252031365
3.11864 0.18 -10.1686752601868
3.14364 0.18 -10.3023537069963
3.16864 0.18 -10.4350918995901
3.19364 0.18 -10.5668917195636
3.21864 0.18 -10.6977340537036
3.24364 0.18 -10.8276422831942
3.26864 0.18 -10.9566362426197
3.29364 0.18 -11.0846725641392
3.31864 0.18 -11.2118070194884
3.34364 0.18 -11.3380222609678
3.36864 0.18 -11.4632910167235
3.39364 0.18 -11.5876509849508
3.41864 0.18 -11.7110893059791
3.44364 0.18 -11.8336392698942
3.46864 0.18 -11.9552450974475
3.49364 0.18 -12.0759476603397
3.51864 0.18 -12.1957386615814
3.54364 0.18 -12.314643351788
3.56864 0.18 -12.4326249676504
3.59364 0.18 -12.549703708646
3.61864 0.18 -12.6658774262696
3.64364 0.18 -12.7811648234057
3.66864 0.18 -12.8955326291462
3.69364 0.18 -13.0089901308914
3.71864 0.18 -13.1215917535981
3.74364 0.18 -13.2332627722413
3.76864 0.18 -13.3440489286187
3.79364 0.18 -13.4539495269942
3.81864 0.18 -13.5629464043371
1.36864 0.19 3.88774469180361
1.39364 0.19 3.49904123782462
1.41864 0.19 3.12610354158009
1.44364 0.19 2.76767212465688
1.46864 0.19 2.42262438909447
1.49364 0.19 2.08993778765646
1.51864 0.19 1.76868610027861
1.54364 0.19 1.4580325982722
1.56864 0.19 1.15721540751099
1.59364 0.19 0.865538206112595
1.61864 0.19 0.582366104703855
1.64364 0.19 0.307116177873821
1.66864 0.19 0.0392726077022392
1.69364 0.19 -0.221666647818551
1.71864 0.19 -0.476142393418424
1.74364 0.19 -0.724565860822666
1.76864 0.19 -0.967313421681549
1.79364 0.19 -1.20473148098784
1.81864 0.19 -1.43714432536771
1.84364 0.19 -1.66484567668692
1.86864 0.19 -1.88811014341944
1.89364 0.19 -2.10719081645858
1.91864 0.19 -2.32232304619925
1.94364 0.19 -2.53372473101469
1.96864 0.19 -2.74159684274882
1.99364 0.19 -2.94612695868174
2.01864 0.19 -3.14748539722852
2.04364 0.19 -3.34583881023915
2.06864 0.19 -3.54133229466647
2.09364 0.19 -3.73410744981332
2.11864 0.19 -3.92429762068151
2.14364 0.19 -4.11201562300265
2.16864 0.19 -4.29739707676141
2.19364 0.19 -4.48049890434942
2.21864 0.19 -4.66145515092802
2.24364 0.19 -4.84034877270692
2.26864 0.19 -5.01728295599357
2.29364 0.19 -5.19227919056756
2.31864 0.19 -5.36549833252701
2.34364 0.19 -5.53691552282
2.36864 0.19 -5.70667608399414
2.39364 0.19 -5.87477665782871
2.41864 0.19 -6.04130239047921
2.44364 0.19 -6.20631462384036
2.46864 0.19 -6.36982297788453
2.49364 0.19 -6.53190551890183
2.51864 0.19 -6.69259980794124
2.54364 0.19 -6.85193085428702
2.56864 0.19 -7.00994421267521
2.59364 0.19 -7.16668502515061
2.61864 0.19 -7.32216832547329
2.64364 0.19 -7.47641312315273
2.66864 0.19 -7.62944660430868
2.69364 0.19 -7.78131143884954
2.71864 0.19 -7.93203256575289
2.74364 0.19 -8.08163151390199
2.76864 0.19 -8.23009399544261
2.79364 0.19 -8.37749183730354
2.81864 0.19 -8.52379659732429
2.84364 0.19 -8.66903207685807
2.86864 0.19 -8.81321765849221
2.89364 0.19 -8.95639129910265
2.91864 0.19 -9.09852277078643
2.94364 0.19 -9.23964889183571
2.96864 0.19 -9.37978007593045
2.99364 0.19 -9.51890170275895
3.01864 0.19 -9.65705737693563
3.04364 0.19 -9.79421805539656
3.06864 0.19 -9.93044198764582
3.09364 0.19 -10.0656790794691
3.11864 0.19 -10.1999744417822
3.14364 0.19 -10.3333062399263
3.16864 0.19 -10.4656997659147
3.19364 0.19 -10.5971628089858
3.21864 0.19 -10.7276653130297
3.24364 0.19 -10.8572773556594
3.26864 0.19 -10.9859192283426
3.29364 0.19 -11.1136674134523
3.31864 0.19 -11.2404551016339
3.34364 0.19 -11.3663584720126
3.36864 0.19 -11.4913215047541
3.39364 0.19 -11.6153764067687
3.41864 0.19 -11.7385447645002
3.44364 0.19 -11.8607672352551
3.46864 0.19 -11.9820802938461
3.49364 0.19 -12.1024920246858
3.51864 0.19 -12.2220283642712
3.54364 0.19 -12.340620655224
3.56864 0.19 -12.45832534048
3.59364 0.19 -12.5751240841894
3.61864 0.19 -12.6910257199468
3.64364 0.19 -12.80604295378
3.66864 0.19 -12.9201471613109
3.69364 0.19 -13.0333820881373
3.71864 0.19 -13.1456804262552
3.74364 0.19 -13.2570874795389
3.76864 0.19 -13.3676203669594
3.79364 0.19 -13.4772661841388
3.81864 0.19 -13.5860418520262
1.36864 0.2 3.81020427146208
1.39364 0.2 3.42178544672273
1.41864 0.2 3.04929560384221
1.44364 0.2 2.69143503852634
1.46864 0.2 2.34705935962247
1.49364 0.2 2.01512623367816
1.51864 0.2 1.69469392913123
1.54364 0.2 1.3849117405083
1.56864 0.2 1.08500660923881
1.59364 0.2 0.794271280240291
1.61864 0.2 0.512065890645197
1.64364 0.2 0.237801005732596
1.66864 0.2 -0.0290555389941025
1.69364 0.2 -0.288997425477065
1.71864 0.2 -0.542478194395066
1.74364 0.2 -0.789908048772474
1.76864 0.2 -1.03166741476094
1.79364 0.2 -1.26810556928682
1.81864 0.2 -1.49954914563964
1.84364 0.2 -1.72629320165719
1.86864 0.2 -1.94861393955706
1.89364 0.2 -2.1667648613144
1.91864 0.2 -2.38098288113799
1.94364 0.2 -2.59148630201134
1.96864 0.2 -2.79847963907932
1.99364 0.2 -3.00214152322664
2.01864 0.2 -3.2026520429131
2.04364 0.2 -3.40017488684778
2.06864 0.2 -3.59485498618988
2.09364 0.2 -3.78683432907166
2.11864 0.2 -3.97624369393971
2.14364 0.2 -4.16319947859532
2.16864 0.2 -4.34782472716616
2.19364 0.2 -4.53019967540242
2.21864 0.2 -4.7104425493335
2.24364 0.2 -4.88864052615946
2.26864 0.2 -5.06489194110288
2.29364 0.2 -5.23925122482941
2.31864 0.2 -5.41178942630499
2.34364 0.2 -5.5825989406631
2.36864 0.2 -5.75170728185083
2.39364 0.2 -5.91919924018855
2.41864 0.2 -6.08512937398805
2.44364 0.2 -6.24955826683991
2.46864 0.2 -6.41249600106706
2.49364 0.2 -6.57404998909417
2.51864 0.2 -6.73416960758676
2.54364 0.2 -6.89299484086431
2.56864 0.2 -7.05048548575435
2.59364 0.2 -7.20668501489869
2.61864 0.2 -7.36166625593259
2.64364 0.2 -7.51541929253239
2.66864 0.2 -7.66800069268166
2.69364 0.2 -7.81939224764183
2.71864 0.2 -7.96965017993504
2.74364 0.2 -8.11876534156484
2.76864 0.2 -8.26681106986305
2.79364 0.2 -8.41374518531069
2.81864 0.2 -8.55961811654062
2.84364 0.2 -8.70443330237362
2.86864 0.2 -8.84823254594897
2.89364 0.2 -8.99096882137835
2.91864 0.2 -9.13270096436661
2.94364 0.2 -9.27343492055971
2.96864 0.2 -9.41317737553086
2.99364 0.2 -9.55192123087059
3.01864 0.2 -9.68970179842186
3.04364 0.2 -9.82652365672285
3.06864 0.2 -9.96235660646514
3.09364 0.2 -10.097234482688
3.11864 0.2 -10.2311800454237
3.14364 0.2 -10.3641936399554
3.16864 0.2 -10.4962475517494
3.19364 0.2 -10.6273427800082
3.21864 0.2 -10.7575488376333
3.24364 0.2 -10.8868024995467
3.26864 0.2 -11.0151194584192
3.29364 0.2 -11.1425476027731
3.31864 0.2 -11.2690527943778
3.34364 0.2 -11.3946161833773
3.36864 0.2 -11.5193040647447
3.39364 0.2 -11.6430559206238
3.41864 0.2 -11.7658943119288
3.44364 0.2 -11.8878241045895
3.46864 0.2 -12.0088718752413
3.49364 0.2 -12.1289942182804
3.51864 0.2 -12.2482205029957
3.54364 0.2 -12.3665276119807
3.56864 0.2 -12.4839568479607
3.59364 0.2 -12.6004825610459
3.61864 0.2 -12.7161117176084
3.64364 0.2 -12.8308613404783
3.66864 0.2 -12.9446986693199
3.69364 0.2 -13.0576547398735
3.71864 0.2 -13.1697090943037
3.74364 0.2 -13.2808827161168
3.76864 0.2 -13.3911658891176
3.79364 0.2 -13.5005566871507
3.81864 0.2 -13.609055252049
1.36864 0.21 3.73253399345575
1.39364 0.21 3.34442585792653
1.41864 0.21 2.97239562351829
1.44364 0.21 2.6151223098905
1.46864 0.21 2.27143329585396
1.49364 0.21 1.94026479300606
1.51864 0.21 1.62066973489934
1.54364 0.21 1.31177281902852
1.56864 0.21 1.01279363197542
1.59364 0.21 0.723013258647291
1.61864 0.21 0.441788978706202
1.64364 0.21 0.168511459152961
1.66864 0.21 -0.0973413675025581
1.69364 0.21 -0.356279346928762
1.71864 0.21 -0.608752383178248
1.74364 0.21 -0.855176236480283
1.76864 0.21 -1.09593835275968
1.79364 0.21 -1.33138954400903
1.81864 0.21 -1.56185762204111
1.84364 0.21 -1.78763745181084
1.86864 0.21 -2.00900785820039
1.89364 0.21 -2.22622422528223
1.91864 0.21 -2.43952479203688
1.94364 0.21 -2.64912720977593
1.96864 0.21 -2.85522895932401
1.99364 0.21 -3.05802561613021
2.01864 0.21 -3.25768685495172
2.04364 0.21 -3.45437499927058
2.06864 0.21 -3.6482390405194
2.09364 0.21 -3.83942548291881
2.11864 0.21 -4.02805015711196
2.14364 0.21 -4.21424480259067
2.16864 0.21 -4.39811030174412
2.19364 0.21 -4.57978309286335
2.21864 0.21 -4.75931248363526
2.24364 0.21 -4.93681320791094
2.26864 0.21 -5.11235273379899
2.29364 0.21 -5.28604699916013
2.31864 0.21 -5.45793444687627
2.34364 0.21 -5.62810727037399
2.36864 0.21 -5.79659337939497
2.39364 0.21 -5.96350632845265
2.41864 0.21 -6.12884156296047
2.44364 0.21 -6.29266009753156
2.46864 0.21 -6.45505897858371
2.49364 0.21 -6.61602677254472
2.51864 0.21 -6.77563057929056
2.54364 0.21 -6.93389332848277
2.56864 0.21 -7.09086287193601
2.59364 0.21 -7.24658066215573
2.61864 0.21 -7.401033201399
2.64364 0.21 -7.55432464719927
2.66864 0.21 -7.70639680187113
2.69364 0.21 -7.85731768766696
2.71864 0.21 -8.00711449263241
2.74364 0.21 -8.15580586173821
2.76864 0.21 -8.30337856076805
2.79364 0.21 -8.4498770820549
2.81864 0.21 -8.59532077631435
2.84364 0.21 -8.73974562354342
2.86864 0.21 -8.88310391982119
2.89364 0.21 -9.02546524654072
2.91864 0.21 -9.16679890933895
2.94364 0.21 -9.30714280770653
2.96864 0.21 -9.44649971081699
2.99364 0.21 -9.5848638827013
3.01864 0.21 -9.72227688161796
3.04364 0.21 -9.85870016987749
3.06864 0.21 -9.99420032013081
3.09364 0.21 -10.1287282632532
3.11864 0.21 -10.2623185181862
3.14364 0.21 -10.3949598858411
3.16864 0.21 -10.5266756776862
3.19364 0.21 -10.6574652078717
3.21864 0.21 -10.787311645092
3.24364 0.21 -10.9162376317333
3.26864 0.21 -11.0442640672895
3.29364 0.21 -11.1713466175249
3.31864 0.21 -11.2975392949117
3.34364 0.21 -11.4228226696598
3.36864 0.21 -11.5471749597676
3.39364 0.21 -11.6706282584212
3.41864 0.21 -11.7931701538605
3.44364 0.21 -11.9148332074133
3.46864 0.21 -12.0355675001173
3.49364 0.21 -12.1554026638698
3.51864 0.21 -12.2743434090149
3.54364 0.21 -12.3924046116349
3.56864 0.21 -12.5095545021968
3.59364 0.21 -12.6258048712703
3.61864 0.21 -12.7411640684364
3.64364 0.21 -12.8556165634039
3.66864 0.21 -12.9692182752934
3.69364 0.21 -13.0818829716824
3.71864 0.21 -13.1936738446916
3.74364 0.21 -13.3046011595724
3.76864 0.21 -13.4146239833146
3.79364 0.21 -13.5237680907678
3.81864 0.21 -13.6320148572476
1.36864 0.22 3.65473477398408
1.39364 0.22 3.26695835203905
1.41864 0.22 2.89540473604676
1.44364 0.22 2.53872855009497
1.46864 0.22 2.19573787130349
1.49364 0.22 1.86535554383096
1.51864 0.22 1.5466047533207
1.54364 0.22 1.23860867121019
1.56864 0.22 0.940569693759584
1.59364 0.22 0.651759614788366
1.61864 0.22 0.371523887870294
1.64364 0.22 0.0992576632531214
1.66864 0.22 -0.165583167933862
1.69364 0.22 -0.423501562815057
1.71864 0.22 -0.674958592680575
1.74364 0.22 -0.920373857413734
1.76864 0.22 -1.16013181911092
1.79364 0.22 -1.39458745660054
1.81864 0.22 -1.62407089605932
1.84364 0.22 -1.84888112268285
1.86864 0.22 -2.06929455431182
1.89364 0.22 -2.28557221961181
1.91864 0.22 -2.49794844937002
1.94364 0.22 -2.70664111694939
1.96864 0.22 -2.91185758607568
1.99364 0.22 -3.11378195229821
2.01864 0.22 -3.31258796079714
2.04364 0.22 -3.50844347752302
2.06864 0.22 -3.70148780584356
2.09364 0.22 -3.89186982879992
2.11864 0.22 -4.07971647810658
2.14364 0.22 -4.2651434206806
2.16864 0.22 -4.44827248742691
2.19364 0.22 -4.62918820543679
2.21864 0.22 -4.80800279835211
2.24364 0.22 -4.98480501602293
2.26864 0.22 -5.15969452805956
2.29364 0.22 -5.33272296721096
2.31864 0.22 -5.50395838198212
2.34364 0.22 -5.67349520563292
2.36864 0.22 -5.84136058164259
2.39364 0.22 -6.00763652626151
2.41864 0.22 -6.17237840930003
2.44364 0.22 -6.33564520483719
2.46864 0.22 -6.49747584887684
2.49364 0.22 -6.65788940993055
2.51864 0.22 -6.81695013989055
2.54364 0.22 -6.97468360635715
2.56864 0.22 -7.13113085404076
2.59364 0.22 -7.28631045831818
2.61864 0.22 -7.44029286779386
2.64364 0.22 -7.59306751808955
2.66864 0.22 -7.74468997451937
2.69364 0.22 -7.89514251383856
2.71864 0.22 -8.04448015130209
2.74364 0.22 -8.19269140380529
2.76864 0.22 -8.33984867095559
2.79364 0.22 -8.48591325042832
2.81864 0.22 -8.6309352193445
2.84364 0.22 -8.77491101260749
2.86864 0.22 -8.91789138995226
2.89364 0.22 -9.05981283006963
2.91864 0.22 -9.20075633099115
2.94364 0.22 -9.34070880085402
2.96864 0.22 -9.47968377258069
2.99364 0.22 -9.61770138637339
3.01864 0.22 -9.75471208457589
3.04364 0.22 -9.89080313289628
3.06864 0.22 -10.0259149774096
3.09364 0.22 -10.1600866768174
3.11864 0.22 -10.2933316190906
3.14364 0.22 -10.4256590181946
3.16864 0.22 -10.5570347106272
3.19364 0.22 -10.6874638435552
3.21864 0.22 -10.817011676052
3.24364 0.22 -10.9456216982422
3.26864 0.22 -11.0733203272951
3.29364 0.22 -11.2000890982241
3.31864 0.22 -11.3259716241266
3.34364 0.22 -11.4509179989278
3.36864 0.22 -11.5749964208427
3.39364 0.22 -11.6981512826065
3.41864 0.22 -11.8203973105176
3.44364 0.22 -11.94174235215
3.46864 0.22 -12.062214046658
3.49364 0.22 -12.1817686950722
3.51864 0.22 -12.3004238712401
3.54364 0.22 -12.4181747208042
3.56864 0.22 -12.5350512691682
3.59364 0.22 -12.6510298519751
3.61864 0.22 -12.7661494258856
3.64364 0.22 -12.8803341763797
3.66864 0.22 -12.9936439041893
3.69364 0.22 -13.1060785179807
3.71864 0.22 -13.2176141586449
3.74364 0.22 -13.3282829336968
3.76864 0.22 -13.4380548902002
3.79364 0.22 -13.5469501592194
3.81864 0.22 -13.6549475787475
1.36864 0.23 3.57681362846052
1.39364 0.23 3.18936743800976
1.41864 0.23 2.81830098644954
1.44364 0.23 2.46224089714101
1.46864 0.23 2.11996594504219
1.49364 0.23 1.79038249071703
1.51864 0.23 1.47249847421319
1.54364 0.23 1.16541964713341
1.56864 0.23 0.868332148309995
1.59364 0.23 0.580506522301727
1.61864 0.23 0.301274695667708
1.64364 0.23 0.0300303349957773
1.66864 0.23 -0.233786778731181
1.69364 0.23 -0.490678127726358
1.71864 0.23 -0.741107026272734
1.74364 0.23 -0.985499017311101
1.76864 0.23 -1.22424197116603
1.79364 0.23 -1.45769823089026
1.81864 0.23 -1.68618777804427
1.84364 0.23 -1.91002066191624
1.86864 0.23 -2.12947389036493
1.89364 0.23 -2.34480731835301
1.91864 0.23 -2.55625348134657
1.94364 0.23 -2.76403635333764
1.96864 0.23 -2.96835983539476
1.99364 0.23 -3.1694052583407
2.01864 0.23 -3.36735789255678
2.04364 0.23 -3.56237002833494
2.06864 0.23 -3.75459922401664
2.09364 0.23 -3.94417850525046
2.11864 0.23 -4.13123985022555
2.14364 0.23 -4.31590369206989
2.16864 0.23 -4.49828059316353
2.19364 0.23 -4.67846342420424
2.21864 0.23 -4.85656617784842
2.24364 0.23 -5.0327010112441
2.26864 0.23 -5.20687937324218
2.29364 0.23 -5.37924054048108
2.31864 0.23 -5.54982703721731
2.34364 0.23 -5.71872900061411
2.36864 0.23 -5.88597340051512
2.39364 0.23 -6.05164291660604
2.41864 0.23 -6.21582086128877
2.44364 0.23 -6.37847989891922
2.46864 0.23 -6.53974596592339
2.49364 0.23 -6.69960339242134
2.51864 0.23 -6.85812259363744
2.54364 0.23 -7.01532511583271
2.56864 0.23 -7.17125480984084
2.59364 0.23 -7.32592688875541
2.61864 0.23 -7.47941237112287
2.64364 0.23 -7.63170039545061
2.66864 0.23 -7.78284645071927
2.69364 0.23 -7.93283243132876
2.71864 0.23 -8.08171065047744
2.74364 0.23 -8.22947262721094
2.76864 0.23 -8.37619336404744
2.79364 0.23 -8.52182570597114
2.81864 0.23 -8.66642178376002
2.84364 0.23 -8.80998307899541
2.86864 0.23 -8.95255068103559
2.89364 0.23 -9.09407837808069
2.91864 0.23 -9.23462210010197
2.94364 0.23 -9.37418863154483
2.96864 0.23 -9.51278040937897
2.99364 0.23 -9.65042581545811
3.01864 0.23 -9.78706859718415
3.04364 0.23 -9.92279302880363
3.06864 0.23 -10.0575512610387
3.09364 0.23 -10.1914016629196
3.11864 0.23 -10.3242705295161
3.14364 0.23 -10.4562558957768
3.16864 0.23 -10.5872960362792
3.19364 0.23 -10.7173952491499
3.21864 0.23 -10.8466154739349
3.24364 0.23 -10.9748970967585
3.26864 0.23 -11.1022860825474
3.29364 0.23 -11.2287360676238
3.31864 0.23 -11.3543120095607
3.34364 0.23 -11.4789551091978
3.36864 0.23 -11.6027315715651
3.39364 0.23 -11.7255881516519
3.41864 0.23 -11.8475407868524
3.44364 0.23 -11.968593912132
3.46864 0.23 -12.0887807304567
3.49364 0.23 -12.2080504364007
3.51864 0.23 -12.3264274656063
3.54364 0.23 -12.443902196782
3.56864 0.23 -12.5605019416861
3.59364 0.23 -12.6762405664867
3.61864 0.23 -12.7910589188105
3.64364 0.23 -12.904982025061
3.66864 0.23 -13.0180319974961
3.69364 0.23 -13.1302048483048
3.71864 0.23 -13.2414860522875
3.74364 0.23 -13.3518992175552
3.76864 0.23 -13.461419852093
3.79364 0.23 -13.5700643303675
3.81864 0.23 -13.6778186643679
1.36864 0.24 3.49875456211912
1.39364 0.24 3.11165855407364
1.41864 0.24 2.74108645918934
1.44364 0.24 2.38565740049963
1.46864 0.24 2.04411252439502
1.49364 0.24 1.71534662328642
1.51864 0.24 1.39834738754666
1.54364 0.24 1.09219211941361
1.56864 0.24 0.796077696971227
1.59364 0.24 0.509251240088327
1.61864 0.24 0.231038275084614
1.64364 0.24 -0.03917838716267
1.66864 0.24 -0.30195411497329
1.69364 0.24 -0.557805340210287
1.71864 0.24 -0.807197462100407
1.74364 0.24 -1.05055711306033
1.76864 0.24 -1.28827858165447
1.79364 0.24 -1.52072166352904
1.81864 0.24 -1.74821360816657
1.84364 0.24 -1.97106049608194
1.86864 0.24 -2.18954925746033
1.89364 0.24 -2.40392687552225
1.91864 0.24 -2.61444143022462
1.94364 0.24 -2.82130580780171
1.96864 0.24 -3.02473250122646
1.99364 0.24 -3.22490320630996
2.01864 0.24 -3.42199255147766
2.04364 0.24 -3.61616698559131
2.06864 0.24 -3.80757158418988
2.09364 0.24 -3.99634832073083
2.11864 0.24 -4.18262253659177
2.14364 0.24 -4.36652010044012
2.16864 0.24 -4.54815631241868
2.19364 0.24 -4.72760758028968
2.21864 0.24 -4.90499497868294
2.24364 0.24 -5.0804032510534
2.26864 0.24 -5.25392861237461
2.29364 0.24 -5.42562484978732
2.31864 0.24 -5.59556197461615
2.34364 0.24 -5.76379889138107
2.36864 0.24 -5.93045344828686
2.39364 0.24 -6.09551739746514
2.41864 0.24 -6.25907356550616
2.44364 0.24 -6.42118437604373
2.46864 0.24 -6.58185445474248
2.49364 0.24 -6.74116156715134
2.51864 0.24 -6.89914293445019
2.54364 0.24 -7.05584217945827
2.56864 0.24 -7.2112558989444
2.59364 0.24 -7.36541933073234
2.61864 0.24 -7.51841205746178
2.64364 0.24 -7.67021630877779
2.66864 0.24 -7.82085620863403
2.69364 0.24 -7.97040641903295
2.71864 0.24 -8.11882962064279
2.74364 0.24 -8.26614596387438
2.76864 0.24 -8.4124277006953
2.79364 0.24 -8.55763262466188
2.81864 0.24 -8.70180411565901
2.84364 0.24 -8.8449488082452
2.86864 0.24 -8.98708354511476
2.89364 0.24 -9.12824069540585
2.91864 0.24 -9.26839322542411
2.94364 0.24 -9.40757160331525
2.96864 0.24 -9.54578720568598
2.99364 0.24 -9.68303002399754
3.01864 0.24 -9.81933198261648
3.04364 0.24 -9.95469930072574
3.06864 0.24 -10.0891009653828
3.09364 0.24 -10.222576519926
3.11864 0.24 -10.3551271842787
3.14364 0.24 -10.4867438378465
3.16864 0.24 -10.6174502653291
3.19364 0.24 -10.7472474203872
3.21864 0.24 -10.876145784177
3.24364 0.24 -11.0041059359276
3.26864 0.24 -11.1311498894922
3.29364 0.24 -11.2573212152319
3.31864 0.24 -11.3825872401221
3.34364 0.24 -11.5069250125664
3.36864 0.24 -11.6303723877097
3.39364 0.24 -11.7529341478487
3.41864 0.24 -11.8746228494864
3.44364 0.24 -11.9953869121508
3.46864 0.24 -12.1152582750662
3.49364 0.24 -12.2342751429384
3.51864 0.24 -12.3523698612038
3.54364 0.24 -12.469577356482
3.56864 0.24 -12.5859027158265
3.59364 0.24 -12.7013402013807
3.61864 0.24 -12.8158945927463
3.64364 0.24 -12.9295815632845
3.66864 0.24 -13.0423687266099
3.69364 0.24 -13.1542873096373
3.71864 0.24 -13.2653050658542
3.74364 0.24 -13.3754730692108
3.76864 0.24 -13.4847426641543
3.79364 0.24 -13.5931080787651
3.81864 0.24 -13.7006478827791
1.36864 0.25 3.42054629128951
1.39364 0.25 3.03380584365106
1.41864 0.25 2.66375580852546
1.44364 0.25 2.30896805986492
1.46864 0.25 1.96817418061464
1.49364 0.25 1.64023833790743
1.51864 0.25 1.32413097314363
1.54364 0.25 1.01892873561695
1.56864 0.25 0.723800395048769
1.59364 0.25 0.437987685136016
1.61864 0.25 0.160807674816179
1.64364 0.25 -0.108362479341825
1.66864 0.25 -0.370088883168015
1.69364 0.25 -0.624888302260243
1.71864 0.25 -0.873231846097899
1.74364 0.25 -1.11554935570498
1.76864 0.25 -1.35223784122568
1.79364 0.25 -1.58366148908881
1.81864 0.25 -1.81014586307182
1.84364 0.25 -2.03200315629168
1.86864 0.25 -2.24951557917775
1.89364 0.25 -2.4629376296208
1.91864 0.25 -2.67250968863942
1.94364 0.25 -2.87845709632068
1.96864 0.25 -3.08098038154987
1.99364 0.25 -3.28026615615891
2.01864 0.25 -3.47649545560111
2.04364 0.25 -3.66982302998542
2.06864 0.25 -3.86040360791931
2.09364 0.25 -4.04837587831884
2.11864 0.25 -4.23386507770637
2.14364 0.25 -4.4169925576686
2.16864 0.25 -4.59785832288605
2.19364 0.25 -4.77660926173602
2.21864 0.25 -4.95327798793307
2.24364 0.25 -5.12798871663174
2.26864 0.25 -5.30080397673766
2.29364 0.25 -5.47183486160574
2.31864 0.25 -5.64112305006048
2.34364 0.25 -5.80875639839737
2.36864 0.25 -5.97479078541332
2.39364 0.25 -6.13925007884942
2.41864 0.25 -6.30221694187759
2.44364 0.25 -6.4637494277119
2.46864 0.25 -6.62385530857316
2.49364 0.25 -6.78261140354004
2.51864 0.25 -6.94005177704044
2.54364 0.25 -7.0961978282504
2.56864 0.25 -7.25109567798684
2.59364 0.25 -7.40478657542807
2.61864 0.25 -7.55728329554741
2.64364 0.25 -7.70860328322949
2.66864 0.25 -7.85877592051448
2.69364 0.25 -8.00782653514169
2.71864 0.25 -8.15579777779742
2.74364 0.25 -8.3026991144522
2.76864 0.25 -8.44851416244096
2.79364 0.25 -8.59331746844238
2.81864 0.25 -8.73707152783751
2.84364 0.25 -8.87980542728297
2.86864 0.25 -9.0215345297096
2.89364 0.25 -9.16229381688278
2.91864 0.25 -9.30205557991342
2.94364 0.25 -9.44085035501268
2.96864 0.25 -9.57868942181207
2.99364 0.25 -9.7155595901349
3.01864 0.25 -9.85149866652821
3.04364 0.25 -9.98647942758257
3.06864 0.25 -10.1205564364423
3.09364 0.25 -10.2536783279652
3.11864 0.25 -10.3858917006198
3.14364 0.25 -10.5171717274477
3.16864 0.25 -10.6475451223157
3.19364 0.25 -10.7770146643771
3.21864 0.25 -10.9055601197432
3.24364 0.25 -11.0332021997982
3.26864 0.25 -11.1599608488109
3.29364 0.25 -11.2858223438057
3.31864 0.25 -11.4107530175976
3.34364 0.25 -11.5348188989812
3.36864 0.25 -11.657967877154
3.39364 0.25 -11.7802341262589
3.41864 0.25 -11.9016014204858
3.44364 0.25 -12.0221104767773
3.46864 0.25 -12.141696729744
3.49364 0.25 -12.2604091830418
3.51864 0.25 -12.3782262153558
3.54364 0.25 -12.4951803588108
3.56864 0.25 -12.6112406302734
3.59364 0.25 -12.7264087858494
3.61864 0.25 -12.8406990647872
3.64364 0.25 -12.9541212061083
3.66864 0.25 -13.066650733525
3.69364 0.25 -13.178280726419
3.71864 0.25 -13.2890826995375
3.74364 0.25 -13.398961749556
3.76864 0.25 -13.5079828521128
3.79364 0.25 -13.6161355291669
3.81864 0.25 -13.7234285268646
1.36864 0.26 3.34217109597077
1.39364 0.26 2.95580543723246
1.41864 0.26 2.58628789086282
1.44364 0.26 2.23216280417547
1.46864 0.26 1.89214011182409
1.49364 0.26 1.56505079894198
1.51864 0.26 1.24986132486257
1.54364 0.26 0.945624313755652
1.56864 0.26 0.651498117917613
1.59364 0.26 0.366715683591829
1.61864 0.26 0.0905826176363845
1.64364 0.26 -0.1775308957234
1.66864 0.26 -0.438194148247657
1.69364 0.26 -0.691929473353502
1.71864 0.26 -0.939213765419279
1.74364 0.26 -1.18047846373068
1.76864 0.26 -1.41612480914488
1.79364 0.26 -1.64651595197409
1.81864 0.26 -1.87198846633217
1.84364 0.26 -2.09285144840674
1.86864 0.26 -2.30937558811641
1.89364 0.26 -2.52183370389391
1.91864 0.26 -2.73046529545202
1.94364 0.26 -2.9354828958957
1.96864 0.26 -3.13710151962934
1.99364 0.26 -3.33550311846519
2.01864 0.26 -3.53086431202179
2.04364 0.26 -3.72334673915292
2.06864 0.26 -3.91309906882979
2.09364 0.26 -4.10026128771099
2.11864 0.26 -4.28496470796397
2.14364 0.26 -4.46732326251198
2.16864 0.26 -4.64744932745596
2.19364 0.26 -4.82544958827687
2.21864 0.26 -5.00140659848062
2.24364 0.26 -5.17541980431166
2.26864 0.26 -5.34758503229043
2.29364 0.26 -5.51791925244901
2.31864 0.26 -5.6865862141919
2.34364 0.26 -5.85355724066004
2.36864 0.26 -6.01897322012685
2.39364 0.26 -6.18282884010296
2.41864 0.26 -6.3452059534768
2.44364 0.26 -6.5061626127168
2.46864 0.26 -6.66570570126714
2.49364 0.26 -6.82391138419079
2.51864 0.26 -6.98081379238587
2.54364 0.26 -7.13643717527686
2.56864 0.26 -7.29081958367804
2.59364 0.26 -7.44400724251109
2.61864 0.26 -7.59601269346033
2.64364 0.26 -7.74685145221469
2.66864 0.26 -7.89654894803248
2.69364 0.26 -8.04514353625172
2.71864 0.26 -8.19266076417115
2.74364 0.26 -8.33911730224397
2.76864 0.26 -8.48449992790645
2.79364 0.26 -8.62887679387617
2.81864 0.26 -8.77221205130215
2.84364 0.26 -8.91453624192582
2.86864 0.26 -9.05586415428974
2.89364 0.26 -9.1962263548324
2.91864 0.26 -9.33559814745568
2.94364 0.26 -9.47401494551777
2.96864 0.26 -9.61147697968905
2.99364 0.26 -9.7479779483427
3.01864 0.26 -9.88355416045561
3.04364 0.26 -10.0181765551317
3.06864 0.26 -10.1519028313085
3.09364 0.26 -10.2846793648478
3.11864 0.26 -10.4165527940466
3.14364 0.26 -10.5474967179951
3.16864 0.26 -10.6775398351815
3.19364 0.26 -10.8066835614653
3.21864 0.26 -10.9349067523951
3.24364 0.26 -11.0622331354093
3.26864 0.26 -11.1886793893228
3.29364 0.26 -11.3142340467306
3.31864 0.26 -11.4388579330679
3.34364 0.26 -11.5626246610319
3.36864 0.26 -11.6854771076973
3.39364 0.26 -11.8074505448498
3.41864 0.26 -11.9285307874041
3.44364 0.26 -12.048746458166
3.46864 0.26 -12.1680570292585
3.49364 0.26 -12.2864819407895
3.51864 0.26 -12.4040275766563
3.54364 0.26 -12.5207129237868
3.56864 0.26 -12.6365002147211
3.59364 0.26 -12.7514042651659
3.61864 0.26 -12.8654315629851
3.64364 0.26 -12.9785999758188
3.66864 0.26 -13.090863197603
3.69364 0.26 -13.2022679908087
3.71864 0.26 -13.3127794269306
3.74364 0.26 -13.4224158316543
3.76864 0.26 -13.5311897489893
3.79364 0.26 -13.6390951956854
3.81864 0.26 -13.7461461815398
1.36864 0.27 3.26362688008924
1.39364 0.27 2.87765012502033
1.41864 0.27 2.50868191806634
1.44364 0.27 2.15523832600163
1.46864 0.27 1.81600086384536
1.49364 0.27 1.48977988149361
1.51864 0.27 1.175522725686
1.54364 0.27 0.872268480268082
1.56864 0.27 0.579161304723015
1.59364 0.27 0.295424421223602
1.61864 0.27 0.0203567599484498
1.64364 0.27 -0.24668394806431
1.66864 0.27 -0.50626882766601
1.69364 0.27 -0.758929204222111
1.71864 0.27 -1.00514082052098
1.74364 0.27 -1.24534327134718
1.76864 0.27 -1.47993734438663
1.79364 0.27 -1.70929002052595
1.81864 0.27 -1.93373942178511
1.84364 0.27 -2.15359180206383
1.86864 0.27 -2.36913412700717
1.89364 0.27 -2.58062025500562
1.91864 0.27 -2.78830158891653
1.94364 0.27 -2.99239302252702
1.96864 0.27 -3.19309602834588
1.99364 0.27 -3.3906090789187
2.01864 0.27 -3.58510165901157
2.04364 0.27 -3.77673276583503
2.06864 0.27 -3.96565806507642
2.09364 0.27 -4.15201153515292
2.11864 0.27 -4.33592002513129
2.14364 0.27 -4.51750838898475
2.16864 0.27 -4.69688227506064
2.19364 0.27 -4.87415168955691
2.21864 0.27 -5.04939324635844
2.24364 0.27 -5.22270598469694
2.26864 0.27 -5.39415858078286
2.29364 0.27 -5.5638600742258
2.31864 0.27 -5.73184924633679
2.34364 0.27 -5.89821628981084
2.36864 0.27 -6.06301516867831
2.39364 0.27 -6.22626727825807
2.41864 0.27 -6.3880556084183
2.44364 0.27 -6.54843763246626
2.46864 0.27 -6.70742125559034
2.49364 0.27 -6.86507940977298
2.51864 0.27 -7.02144430302105
2.54364 0.27 -7.17654126391265
2.56864 0.27 -7.33041418481118
2.59364 0.27 -7.48310033421048
2.61864 0.27 -7.63461411311521
2.64364 0.27 -7.78497483132393
2.66864 0.27 -7.93420214714567
2.69364 0.27 -8.08233743629467
2.71864 0.27 -8.22940353985563
2.74364 0.27 -8.37541894916896
2.76864 0.27 -8.5203675044919
2.79364 0.27 -8.66432152704948
2.81864 0.27 -8.80724111329266
2.84364 0.27 -8.94915650309052
2.86864 0.27 -9.09008217338113
2.89364 0.27 -9.23005265704091
2.91864 0.27 -9.3690406938779
2.94364 0.27 -9.50707364484573
2.96864 0.27 -9.64416338317621
2.99364 0.27 -9.78029616249052
3.01864 0.27 -9.91551303208014
3.04364 0.27 -10.0497805525863
3.06864 0.27 -10.1831559366404
3.09364 0.27 -10.3155901477381
3.11864 0.27 -10.4471243715931
3.14364 0.27 -10.577734035495
3.16864 0.27 -10.7074484673907
3.19364 0.27 -10.8362645559026
3.21864 0.27 -10.9641718274901
3.24364 0.27 -11.0911842488678
3.26864 0.27 -11.2173197752268
3.29364 0.27 -11.3425664490114
3.31864 0.27 -11.4668893004113
3.34364 0.27 -11.5903575790196
3.36864 0.27 -11.7129149858984
3.39364 0.27 -11.8345972894884
3.41864 0.27 -11.9553898756016
3.44364 0.27 -12.0753275063554
3.46864 0.27 -12.1943550527127
3.49364 0.27 -12.3125012082075
3.51864 0.27 -12.4297734625363
3.54364 0.27 -12.546184028692
3.56864 0.27 -12.661703618892
3.59364 0.27 -12.7763382011156
3.61864 0.27 -12.8901060672969
3.64364 0.27 -13.0030093769321
3.66864 0.27 -13.1150230149101
3.69364 0.27 -13.226142752828
3.71864 0.27 -13.336439210328
3.74364 0.27 -13.4458220205036
3.76864 0.27 -13.5543479084979
3.79364 0.27 -13.6620094659479
3.81864 0.27 -13.7687907281452
1.36864 0.28 3.18489872622619
1.39364 0.28 2.79932183917199
1.41864 0.28 2.43092497703148
1.44364 0.28 2.07818324745223
1.46864 0.28 1.73974730209985
1.49364 0.28 1.41441675766586
1.51864 0.28 1.10110853236326
1.54364 0.28 0.798858686911992
1.56864 0.28 0.506785748185264
1.59364 0.28 0.2241099680326
1.61864 0.28 -0.0498789395874857
1.64364 0.28 -0.315827181198463
1.66864 0.28 -0.574321459970522
1.69364 0.28 -0.825890979525921
1.71864 0.28 -1.07101841221481
1.74364 0.28 -1.31014615995118
1.76864 0.28 -1.54367818690562
1.79364 0.28 -1.77198341111446
1.81864 0.28 -1.99540066438045
1.84364 0.28 -2.21423918186569
1.86864 0.28 -2.42878499547985
1.89364 0.28 -2.63929792879022
1.91864 0.28 -2.84602094512339
1.94364 0.28 -3.04917614227759
1.96864 0.28 -3.24896819563899
1.99364 0.28 -3.44558439253314
2.01864 0.28 -3.63920348449003
2.04364 0.28 -3.82998206273926
2.06864 0.28 -4.01807543326171
2.09364 0.28 -4.20361638814158
2.11864 0.28 -4.38673373690441
2.14364 0.28 -4.56754711159884
2.16864 0.28 -4.74616867270612
2.19364 0.28 -4.92269583471027
2.21864 0.28 -5.09721931377996
2.24364 0.28 -5.26983385502249
2.26864 0.28 -5.44063369839234
2.29364 0.28 -5.60967083233318
2.31864 0.28 -5.77701311131977
2.34364 0.28 -5.94271812969181
2.36864 0.28 -6.10689991430995
2.39364 0.28 -6.26954996883302
2.41864 0.28 -6.43074882068982
2.44364 0.28 -6.59055896581741
2.46864 0.28 -6.74898049109196
2.49364 0.28 -6.90609126034574
2.51864 0.28 -7.06192280827224
2.54364 0.28 -7.21649839972258
2.56864 0.28 -7.36988776054742
2.59364 0.28 -7.52204757171264
2.61864 0.28 -7.67307294952706
2.64364 0.28 -7.82295444964004
2.66864 0.28 -7.97171530287337
2.69364 0.28 -8.11942063234752
2.71864 0.28 -8.26603879283927
2.74364 0.28 -8.41158573581502
2.76864 0.28 -8.55613257009256
2.79364 0.28 -8.69963495839109
2.81864 0.28 -8.84214077398278
2.84364 0.28 -8.98364990084671
2.86864 0.28 -9.12417680303703
2.89364 0.28 -9.26375574887814
2.91864 0.28 -9.40235834826477
2.94364 0.28 -9.5400150107487
2.96864 0.28 -9.67673778386024
2.99364 0.28 -9.81250476772297
3.01864 0.28 -9.94735881479256
3.04364 0.28 -10.0813021338263
3.06864 0.28 -10.214302335616
3.09364 0.28 -10.3463931480504
3.11864 0.28 -10.4775903224981
3.14364 0.28 -10.6078683689889
3.16864 0.28 -10.7372566322401
3.19364 0.28 -10.8657543080674
3.21864 0.28 -10.9933402246614
3.24364 0.28 -11.1200679726978
3.26864 0.28 -11.2458622817287
3.29364 0.28 -11.3708068378662
3.31864 0.28 -11.4948584549512
3.34364 0.28 -11.6179999420851
3.36864 0.28 -11.7402644007026
3.39364 0.28 -11.8616571210956
3.41864 0.28 -11.9821955468961
3.44364 0.28 -12.1018169111537
3.46864 0.28 -12.2205631792024
3.49364 0.28 -12.3384669586511
3.51864 0.28 -12.4554641402172
3.54364 0.28 -12.5715774328981
3.56864 0.28 -12.6868295441635
3.59364 0.28 -12.8012032814769
3.61864 0.28 -12.914707736923
3.64364 0.28 -13.0273529078912
3.66864 0.28 -13.1391101643236
3.69364 0.28 -13.2500076907965
3.71864 0.28 -13.3600268964794
3.74364 0.28 -13.469157546876
3.76864 0.28 -13.5774701801349
3.79364 0.28 -13.6848584733405
3.81864 0.28 -13.7914289564065
1.36864 0.29 3.10598341184057
1.39364 0.29 2.72082291956291
1.41864 0.29 2.35301012962899
1.44364 0.29 2.00098755917654
1.46864 0.29 1.66337973388461
1.49364 0.29 1.33895427173171
1.51864 0.29 1.0266178039879
1.54364 0.29 0.725387460501416
1.56864 0.29 0.434370518814698
1.59364 0.29 0.152774123240448
1.61864 0.29 -0.120119652921087
1.64364 0.29 -0.384963747145311
1.66864 0.29 -0.642352118167044
1.69364 0.29 -0.892817692824604
1.71864 0.29 -1.13684853626305
1.74364 0.29 -1.37489284333728
1.76864 0.29 -1.60734918989835
1.79364 0.29 -1.83460064598188
1.81864 0.29 -2.0569771176073
1.84364 0.29 -2.27479111375335
1.86864 0.29 -2.48833175685718
1.89364 0.29 -2.697863524386
1.91864 0.29 -2.90362248650988
1.94364 0.29 -3.10583966067315
1.96864 0.29 -3.30471217976766
1.99364 0.29 -3.50042948249061
2.01864 0.29 -3.69317225420354
2.04364 0.29 -3.88309514758247
2.06864 0.29 -4.07035352678122
2.09364 0.29 -4.25508029659696
2.11864 0.29 -4.43740428708632
2.14364 0.29 -4.61744426002405
2.16864 0.29 -4.79530959849453
2.19364 0.29 -4.97108911801336
2.21864 0.29 -5.14492576821685
2.24364 0.29 -5.31684050516163
2.26864 0.29 -5.48693005014256
2.29364 0.29 -5.65530363902751
2.31864 0.29 -5.82199673050384
2.34364 0.29 -5.98709911349352
2.36864 0.29 -6.1506352892932
2.39364 0.29 -6.31271319783471
2.41864 0.29 -6.47332777530249
2.44364 0.29 -6.63253567019813
2.46864 0.29 -6.79042446138021
2.49364 0.29 -6.94699067921189
2.51864 0.29 -7.1022902030498
2.54364 0.29 -7.25634386047859
2.56864 0.29 -7.4091959164985
2.59364 0.29 -7.56088525846295
2.61864 0.29 -7.71139848694497
2.64364 0.29 -7.86080183725195
2.66864 0.29 -8.00912494369345
2.69364 0.29 -8.15634600303538
2.71864 0.29 -8.30251744156617
2.74364 0.29 -8.44765588644038
2.76864 0.29 -8.59174579322764
2.79364 0.29 -8.73482712805542
2.81864 0.29 -8.87692079012207
2.84364 0.29 -9.01805457396071
2.86864 0.29 -9.15818423538199
2.89364 0.29 -9.29734511031554
2.91864 0.29 -9.4355942362074
2.94364 0.29 -9.57284608732893
2.96864 0.29 -9.70919505825718
2.99364 0.29 -9.84463019346232
3.01864 0.29 -9.97910048075686
3.04364 0.29 -10.1126925697549
3.06864 0.29 -10.2453472169258
3.09364 0.29 -10.3771271589589
3.11864 0.29 -10.5079604288203
3.14364 0.29 -10.6379375268068
3.16864 0.29 -10.7670004294334
3.19364 0.29 -10.895178588029
3.21864 0.29 -11.0224475540096
3.24364 0.29 -11.14883076292
3.26864 0.29 -11.2743545651679
3.29364 0.29 -11.3989644546405
3.31864 0.29 -11.5227175351751
3.34364 0.29 -11.6455622872163
3.36864 0.29 -11.7675648305023
3.39364 0.29 -11.8886703489891
3.41864 0.29 -12.0088946572181
3.44364 0.29 -12.1282343403607
3.46864 0.29 -12.2467326522254
3.49364 0.29 -12.3643342205061
3.51864 0.29 -12.4810588492352
3.54364 0.29 -12.5969329201738
3.56864 0.29 -12.7119244554847
3.59364 0.29 -12.8260335167189
3.61864 0.29 -12.9392760020725
3.64364 0.29 -13.0516342366591
3.66864 0.29 -13.1631373762093
3.69364 0.29 -13.2737836953261
3.71864 0.29 -13.3835492697374
3.74364 0.29 -13.4924717184886
3.76864 0.29 -13.6005078451357
3.79364 0.29 -13.7076840440418
3.81864 0.29 -13.8139846461652
1.36864 0.3 3.02685677090057
1.39364 0.3 2.64213787370619
1.41864 0.3 2.27492618046877
1.44364 0.3 1.9236425512665
1.46864 0.3 1.58687797021053
1.49364 0.3 1.26338676018712
1.51864 0.3 0.952040073551782
1.54364 0.3 0.651846329300361
1.56864 0.3 0.361905183362321
1.59364 0.3 0.0814091098747184
1.61864 0.3 -0.190372419775118
1.64364 0.3 -0.45409557248949
1.66864 0.3 -0.710363917835048
1.69364 0.3 -0.959712246668723
1.71864 0.3 -1.20263491577121
1.74364 0.3 -1.43957884136499
1.76864 0.3 -1.67095418190137
1.79364 0.3 -1.89713612606785
1.81864 0.3 -2.11846143151733
1.84364 0.3 -2.3352477207324
1.86864 0.3 -2.54778057341778
1.89364 0.3 -2.75632090622712
1.91864 0.3 -2.96111258593168
1.94364 0.3 -3.16238100579782
1.96864 0.3 -3.3603295073032
1.99364 0.3 -3.55514375370047
2.01864 0.3 -3.74700551770831
2.04364 0.3 -3.93606948157143
2.06864 0.3 -4.12249113389548
2.09364 0.3 -4.30640130262809
2.11864 0.3 -4.4879284474645
2.14364 0.3 -4.66719379277951
2.16864 0.3 -4.84430405359258
2.19364 0.3 -5.01937097456812
2.21864 0.3 -5.19245921533788
2.24364 0.3 -5.36367432127199
2.26864 0.3 -5.53308271158185
2.29364 0.3 -5.70078868937178
2.31864 0.3 -5.86683723775812
2.34364 0.3 -6.03130757706416
2.36864 0.3 -6.19422915651811
2.39364 0.3 -6.35570783456631
2.41864 0.3 -6.51573570948759
2.44364 0.3 -6.67437054646469
2.46864 0.3 -6.83170486634826
2.49364 0.3 -6.98772529711275
2.51864 0.3 -7.14249190002907
2.54364 0.3 -7.29602674638479
2.56864 0.3 -7.44837060972629
2.59364 0.3 -7.59956498439402
2.61864 0.3 -7.74959199172526
2.64364 0.3 -7.89855147101793
2.66864 0.3 -8.04638194010955
2.69364 0.3 -8.19314850365785
2.71864 0.3 -8.33887521432741
2.74364 0.3 -8.48357762609038
2.76864 0.3 -8.6272404445588
2.79364 0.3 -8.76990509424633
2.81864 0.3 -8.91161665827807
2.84364 0.3 -9.0523191018977
2.86864 0.3 -9.19205356100642
2.89364 0.3 -9.33085639716882
2.91864 0.3 -9.4686950632162
2.94364 0.3 -9.60560309844773
2.96864 0.3 -9.74158481612493
2.99364 0.3 -9.87662851079713
3.01864 0.3 -10.010774131199
3.04364 0.3 -10.1439877890626
3.06864 0.3 -10.2763280976301
3.09364 0.3 -10.4077405198818
3.11864 0.3 -10.5382669413339
3.14364 0.3 -10.6678914579059
3.16864 0.3 -10.7966285618728
3.19364 0.3 -10.9244885068505
3.21864 0.3 -11.0514437810376
3.24364 0.3 -11.1775219373485
3.26864 0.3 -11.3027367165598
3.29364 0.3 -11.4270441126533
3.31864 0.3 -11.5504987297169
3.34364 0.3 -11.673081475571
3.36864 0.3 -11.7947644842356
3.39364 0.3 -11.9155829878412
3.41864 0.3 -12.035521994776
3.44364 0.3 -12.1546160700252
3.46864 0.3 -12.2728066101979
3.49364 0.3 -12.390132178035
3.51864 0.3 -12.5065892553657
3.54364 0.3 -12.6221966620002
3.56864 0.3 -12.7369214576741
3.59364 0.3 -12.8507742393682
3.61864 0.3 -12.9637595483209
3.64364 0.3 -13.0758885477523
3.66864 0.3 -13.187141035703
3.69364 0.3 -13.2975071591799
3.71864 0.3 -13.4070307323842
3.74364 0.3 -13.5156987499238
3.76864 0.3 -13.6234950254768
3.79364 0.3 -13.7304315467564
3.81864 0.3 -13.8364943615448
1.36864 0.31 2.94750636496326
1.39364 0.31 2.5632461657006
1.41864 0.31 2.19666054274278
1.44364 0.31 1.84613904083876
1.46864 0.31 1.51024137399413
1.49364 0.31 1.1876983436264
1.51864 0.31 0.877367454978171
1.54364 0.31 0.578235064539009
1.56864 0.31 0.289388817223611
1.59364 0.31 0.0100078165772933
1.61864 0.31 -0.26064333195996
1.64364 0.31 -0.523230745081023
1.66864 0.31 -0.778361338140135
1.69364 0.31 -1.02657852757082
1.71864 0.31 -1.26837861647536
1.74364 0.31 -1.50421238663648
1.76864 0.31 -1.73449260473932
1.79364 0.31 -1.95959799340573
1.81864 0.31 -2.17986216142102
1.84364 0.31 -2.39560993240729
1.86864 0.31 -2.6071215493277
1.89364 0.31 -2.81466848553792
1.91864 0.31 -3.01848638208775
1.94364 0.31 -3.21880280365095
1.96864 0.31 -3.41582162931755
1.99364 0.31 -3.60972966704901
2.01864 0.31 -3.80070697349524
2.04364 0.31 -3.98891011224961
2.06864 0.31 -4.17448917921183
2.09364 0.31 -4.35758035783101
2.11864 0.31 -4.53830961978181
2.14364 0.31 -4.7167997410499
2.16864 0.31 -4.8931531179342
2.19364 0.31 -5.06747983840655
2.21864 0.31 -5.23985213404866
2.24364 0.31 -5.41036812841087
2.26864 0.31 -5.57909559282259
2.29364 0.31 -5.74613937420654
2.31864 0.31 -5.91153782093902
2.34364 0.31 -6.07537938597006
2.36864 0.31 -6.23768658212388
2.39364 0.31 -6.39856272477802
2.41864 0.31 -6.55800686332736
2.44364 0.31 -6.71607192084021
2.46864 0.31 -6.87284932005444
2.49364 0.31 -7.02832674145086
2.51864 0.31 -7.18256368943096
2.54364 0.31 -7.33558064952797
2.56864 0.31 -7.4874195690377
2.59364 0.31 -7.63811972845518
2.61864 0.31 -7.78766221878927
2.64364 0.31 -7.93612035495967
2.66864 0.31 -8.08351636709711
2.69364 0.31 -8.22983167825247
2.71864 0.31 -8.37511558720895
2.74364 0.31 -8.51938572455064
2.76864 0.31 -8.66262289977754
2.79364 0.31 -8.80486981170125
2.81864 0.31 -8.94614513537413
2.84364 0.31 -9.08647620645037
2.86864 0.31 -9.22581884518498
2.89364 0.31 -9.36420618628107
2.91864 0.31 -9.50169632145377
2.94364 0.31 -9.63823188938528
2.96864 0.31 -9.77381899998001
2.99364 0.31 -9.90853450622645
3.01864 0.31 -10.0423257998884
3.04364 0.31 -10.1751909706043
3.06864 0.31 -10.3071610503922
3.09364 0.31 -10.4382664188516
3.11864 0.31 -10.5684645133872
3.14364 0.31 -10.6977586422462
3.16864 0.31 -10.8261764011302
3.19364 0.31 -10.9537205152578
3.21864 0.31 -11.0803633020437
3.24364 0.31 -11.2061325778843
3.26864 0.31 -11.3310428781117
3.29364 0.31 -11.4550511116047
3.31864 0.31 -11.5782106266472
3.34364 0.31 -11.7005008669645
3.36864 0.31 -11.8218982105332
3.39364 0.31 -11.9424308831695
3.41864 0.31 -12.0620878925465
3.44364 0.31 -12.1809041371423
3.46864 0.31 -12.2988244554473
3.49364 0.31 -12.4158760805843
3.51864 0.31 -12.5320644832765
3.54364 0.31 -12.6474062103026
3.56864 0.31 -12.7618676122545
3.59364 0.31 -12.8754617421126
3.61864 0.31 -12.9881891765293
3.64364 0.31 -13.1000372755996
3.66864 0.31 -13.2110641072273
3.69364 0.31 -13.3211825961175
3.71864 0.31 -13.4304564602465
3.74364 0.31 -13.5388838703144
3.76864 0.31 -13.6464367507942
3.79364 0.31 -13.7531366014039
3.81864 0.31 -13.8589610630024
1.36864 0.32 2.86792159798327
1.39364 0.32 2.484142482069
1.41864 0.32 2.11820269900251
1.44364 0.32 1.7684661891777
1.46864 0.32 1.43345812177367
1.49364 0.32 1.11189082066143
1.51864 0.32 0.802596114760866
1.54364 0.32 0.50454274668816
1.56864 0.32 0.216808624452686
1.59364 0.32 -0.0614327352078163
1.61864 0.32 -0.330935182020782
1.64364 0.32 -0.592372017909077
1.66864 0.32 -0.846347307886913
1.69364 0.32 -1.09342058017441
1.71864 0.32 -1.33408215920302
1.74364 0.32 -1.56879237287962
1.76864 0.32 -1.79796893629405
1.79364 0.32 -2.02198115597646
1.81864 0.32 -2.24118086433838
1.84364 0.32 -2.45587915810898
1.86864 0.32 -2.6663658663346
1.89364 0.32 -2.87290505780427
1.91864 0.32 -3.07574416050921
1.94364 0.32 -3.2751025145799
1.96864 0.32 -3.47118761243946
1.99364 0.32 -3.6641869947015
2.01864 0.32 -3.85427217559456
2.04364 0.32 -4.04161168129973
2.06864 0.32 -4.22634742779291
2.09364 0.32 -4.40861691976367
2.11864 0.32 -4.58854383228731
2.14364 0.32 -4.76625350430381
2.16864 0.32 -4.9418475890403
2.19364 0.32 -5.11542594664343
2.21864 0.32 -5.28707774912985
2.24364 0.32 -5.45689197229931
2.26864 0.32 -5.62496737438833
2.29364 0.32 -5.79134715881894
2.31864 0.32 -5.95610004975017
2.34364 0.32 -6.11928246689231
2.36864 0.32 -6.28100140071562
2.39364 0.32 -6.44125235222009
2.41864 0.32 -6.60011289942461
2.44364 0.32 -6.75763538934964
2.46864 0.32 -6.91383109894499
2.49364 0.32 -7.06876818121327
2.51864 0.32 -7.22247510469357
2.54364 0.32 -7.37500454223888
2.56864 0.32 -7.52633930680915
2.59364 0.32 -7.67651790239239
2.61864 0.32 -7.82560797305729
2.64364 0.32 -7.97359544659207
2.66864 0.32 -8.12050336208607
2.69364 0.32 -8.26639765207897
2.71864 0.32 -8.41124061565321
2.74364 0.32 -8.55504775720334
2.76864 0.32 -8.69789139012919
2.79364 0.32 -8.83972451055921
2.81864 0.32 -8.98059048713094
2.84364 0.32 -9.12049637674714
2.86864 0.32 -9.25944726975593
2.89364 0.32 -9.39748229463557
2.91864 0.32 -9.53456686955593
2.94364 0.32 -9.67073251873284
2.96864 0.32 -9.80598561798428
2.99364 0.32 -9.94031496262759
3.01864 0.32 -10.0737547881635
3.04364 0.32 -10.2063054566891
3.06864 0.32 -10.3379346369616
3.09364 0.32 -10.4686763737687
3.11864 0.32 -10.5985452613684
3.14364 0.32 -10.7275165148183
3.16864 0.32 -10.8556142251476
3.19364 0.32 -10.9828414023384
3.21864 0.32 -11.1092046158829
3.24364 0.32 -11.234667682289
3.26864 0.32 -11.3592468461755
3.29364 0.32 -11.4829857052969
3.31864 0.32 -11.6058490427215
3.34364 0.32 -11.7278249910676
3.36864 0.32 -11.8489304793797
3.39364 0.32 -11.9691822235943
3.41864 0.32 -12.0885905328074
3.44364 0.32 -12.2071009033654
3.46864 0.32 -12.3247446452333
3.49364 0.32 -12.4415597613753
3.51864 0.32 -12.5574815275457
3.54364 0.32 -12.6725296895377
3.56864 0.32 -12.7867299331045
3.59364 0.32 -12.9000632995831
3.61864 0.32 -13.0125394898173
3.64364 0.32 -13.124162731779
3.66864 0.32 -13.2349116527324
3.69364 0.32 -13.3448110440191
3.71864 0.32 -13.4538393762833
3.74364 0.32 -13.5620266257778
3.76864 0.32 -13.6693391454476
3.79364 0.32 -13.7757690879654
3.81864 0.32 -13.881389353463
1.36864 0.33 2.7881002272529
1.39364 0.33 2.40480822054413
1.41864 0.33 2.0395422924061
1.44364 0.33 1.69060974293001
1.46864 0.33 1.35652026480718
1.49364 0.33 1.03594630135078
1.51864 0.33 0.727711673830159
1.54364 0.33 0.430764119884704
1.56864 0.33 0.144169453640001
1.59364 0.33 -0.132916649575925
1.61864 0.33 -0.401253805395929
1.64364 0.33 -0.661515341986423
1.66864 0.33 -0.914328386395448
1.69364 0.33 -1.16023570661059
1.71864 0.33 -1.39974713349953
1.74364 0.33 -1.63332519554226
1.76864 0.33 -1.86137984834993
1.79364 0.33 -2.0842938318958
1.81864 0.33 -2.30241340364167
1.84364 0.33 -2.51605378094463
1.86864 0.33 -2.72550723570231
1.89364 0.33 -2.93103699137474
1.91864 0.33 -3.13288730479733
1.94364 0.33 -3.33128423749727
1.96864 0.33 -3.52642716047417
1.99364 0.33 -3.71851002865144
2.01864 0.33 -3.90770591940859
2.04364 0.33 -4.09417428019065
2.06864 0.33 -4.2780609339436
2.09364 0.33 -4.45950526763442
2.11864 0.33 -4.63863593970007
2.14364 0.33 -4.81556515274151
2.16864 0.33 -4.99039699418673
2.19364 0.33 -5.16323828795679
2.21864 0.33 -5.33416047872738
2.24364 0.33 -5.50327668284064
2.26864 0.33 -5.67066761273669
2.29364 0.33 -5.83638396060311
2.31864 0.33 -6.00048888014418
2.34364 0.33 -6.16306853990458
2.36864 0.33 -6.32414831667454
2.39364 0.33 -6.48380265796377
2.41864 0.33 -6.64207921757992
2.44364 0.33 -6.79903647240096
2.46864 0.33 -6.95470534940971
2.49364 0.33 -7.10910018928687
2.51864 0.33 -7.26228224773897
2.54364 0.33 -7.41426647257132
2.56864 0.33 -7.5650996578129
2.59364 0.33 -7.71478766614269
2.61864 0.33 -7.86339776999546
2.64364 0.33 -8.01091673324772
2.66864 0.33 -8.15739438588117
2.69364 0.33 -8.30280970845962
2.71864 0.33 -8.44721294974659
2.74364 0.33 -8.59059315999298
2.76864 0.33 -8.73301593477418
2.79364 0.33 -8.87443676452898
2.81864 0.33 -9.0149017846846
2.84364 0.33 -9.15440937494607
2.86864 0.33 -9.29300230964374
2.89364 0.33 -9.43062404512699
2.91864 0.33 -9.56733420914495
2.94364 0.33 -9.70313149981831
2.96864 0.33 -9.83802762701274
2.99364 0.33 -9.97202740626538
3.01864 0.33 -10.1050895310981
3.04364 0.33 -10.2372980420359
3.06864 0.33 -10.3685938205014
3.09364 0.33 -10.4990264310852
3.11864 0.33 -10.6285388128146
3.14364 0.33 -10.757215930526
3.16864 0.33 -10.8849972905296
3.19364 0.33 -11.011882177752
3.21864 0.33 -11.137936921905
3.24364 0.33 -11.2630929405513
3.26864 0.33 -11.3874043805601
3.29364 0.33 -11.5108199044731
3.31864 0.33 -11.633392084324
3.34364 0.33 -11.7550744367351
3.36864 0.33 -11.8759263802588
3.39364 0.33 -11.9958971075445
3.41864 0.33 -12.1149986629373
3.44364 0.33 -12.2332337521182
3.46864 0.33 -12.3506358150059
3.49364 0.33 -12.467153824867
3.51864 0.33 -12.5828092524071
3.54364 0.33 -12.6975951645051
3.56864 0.33 -12.811536045885
3.59364 0.33 -12.9246401029348
3.61864 0.33 -13.0368630582738
3.64364 0.33 -13.1482056500198
3.66864 0.33 -13.2587068362189
3.69364 0.33 -13.3683604121347
3.71864 0.33 -13.4771449780216
3.74364 0.33 -13.5850794275372
3.76864 0.33 -13.6921637683913
3.79364 0.33 -13.7983870060595
3.81864 0.33 -13.9037430869297
1.36864 0.34 2.7080063159927
1.39364 0.34 2.32523416551583
1.41864 0.34 1.96066362146386
1.44364 0.34 1.61256409652553
1.46864 0.34 1.27941431545315
1.49364 0.34 0.959862896556659
1.51864 0.34 0.652711267546526
1.54364 0.34 0.356890398496374
1.56864 0.34 0.0714556745425147
1.59364 0.34 -0.204457372082432
1.61864 0.34 -0.47160470084261
1.64364 0.34 -0.730680010766971
1.66864 0.34 -0.982303498420174
1.69364 0.34 -1.22703382225701
1.71864 0.34 -1.46538143743976
1.74364 0.34 -1.6978075093202
1.76864 0.34 -1.92473098208765
1.79364 0.34 -2.14653317755802
1.81864 0.34 -2.36356418833232
1.84364 0.34 -2.57613902746934
1.86864 0.34 -2.78454861821384
1.89364 0.34 -2.98905961885889
1.91864 0.34 -3.18991846360747
1.94364 0.34 -3.38734086397655
1.96864 0.34 -3.58154053323124
1.99364 0.34 -3.7727006510112
2.01864 0.34 -3.96100024465355
2.04364 0.34 -4.14659742278406
2.06864 0.34 -4.32963623706752
2.09364 0.34 -4.51025399451822
2.11864 0.34 -4.68858022351213
2.14364 0.34 -4.86472658027143
2.16864 0.34 -5.03879762095139
2.19364 0.34 -5.21089708665732
2.21864 0.34 -5.38112578519137
2.24364 0.34 -5.54954093192912
2.26864 0.34 -5.71622119381933
2.29364 0.34 -5.88127249676992
2.31864 0.34 -6.04473265124309
2.34364 0.34 -6.2066835693731
2.36864 0.34 -6.36714871682905
2.39364 0.34 -6.52620406065683
2.41864 0.34 -6.68392833078211
2.44364 0.34 -6.84029155433852
2.46864 0.34 -6.99540589476582
2.49364 0.34 -7.14926335445985
2.51864 0.34 -7.30191862910869
2.54364 0.34 -7.45339061874243
2.56864 0.34 -7.60372312403427
2.59364 0.34 -7.75295185552704
2.61864 0.34 -7.90105428126589
2.64364 0.34 -8.04810590472192
2.66864 0.34 -8.19412607190692
2.69364 0.34 -8.33909670925863
2.71864 0.34 -8.48306384914165
2.74364 0.34 -8.6260148892192
2.76864 0.34 -8.7680188473462
2.79364 0.34 -8.90902942609629
2.81864 0.34 -9.04909265370125
2.84364 0.34 -9.18820577798935
2.86864 0.34 -9.32641129583695
2.89364 0.34 -9.46365447964871
2.91864 0.34 -9.59998783175496
2.94364 0.34 -9.73542451845651
2.96864 0.34 -9.86995725673581
2.99364 0.34 -10.0036076337064
3.01864 0.34 -10.1363236261841
3.04364 0.34 -10.2681884128608
3.06864 0.34 -10.3991445462552
3.09364 0.34 -10.529252859763
3.11864 0.34 -10.6584392747124
3.14364 0.34 -10.7867972289165
3.16864 0.34 -10.9142617955115
3.19364 0.34 -11.0408657917795
3.21864 0.34 -11.1665837659184
3.24364 0.34 -11.2914387312218
3.26864 0.34 -11.4154525067006
3.29364 0.34 -11.5385713632179
3.31864 0.34 -11.6608519196717
3.34364 0.34 -11.782249715635
3.36864 0.34 -11.9028202248991
3.39364 0.34 -12.0225094092979
3.41864 0.34 -12.1413339853382
3.44364 0.34 -12.2592967891334
3.46864 0.34 -12.3764284605325
3.49364 0.34 -12.4926799090078
3.51864 0.34 -12.6080722723484
3.54364 0.34 -12.7226267175133
3.56864 0.34 -12.8363059542439
3.59364 0.34 -12.9491313402761
3.61864 0.34 -13.0610984031661
3.64364 0.34 -13.1721969167635
3.66864 0.34 -13.2824460891336
3.69364 0.34 -13.3918548262191
3.71864 0.34 -13.5003970234035
3.74364 0.34 -13.6081021587938
3.76864 0.34 -13.7149389508713
3.79364 0.34 -13.8209262511057
3.81864 0.34 -13.9260502227338
1.36864 0.35 2.62763781647359
1.39364 0.35 2.24540783874226
1.41864 0.35 1.88155589881599
1.44364 0.35 1.53431365307607
1.46864 0.35 1.20213001186297
1.49364 0.35 0.883626131757958
1.51864 0.35 0.577582402511222
1.54364 0.35 0.282914240385252
1.56864 0.35 -0.0013420576022614
1.59364 0.35 -0.27605333100465
1.61864 0.35 -0.541991925908532
1.64364 0.35 -0.799859282654928
1.66864 0.35 -1.05027825706213
1.69364 0.35 -1.29381401499906
1.71864 0.35 -1.53097943591587
1.74364 0.35 -1.76224463628573
1.76864 0.35 -1.98802411419719
1.79364 0.35 -2.20870369452416
1.81864 0.35 -2.42463476493332
1.84364 0.35 -2.63613194875885
1.86864 0.35 -2.84349152946322
1.89364 0.35 -3.04697546333522
1.91864 0.35 -3.24683072927763
1.94364 0.35 -3.44328001721289
1.96864 0.35 -3.63652995778415
1.99364 0.35 -3.82676629159427
2.01864 0.35 -4.01416267774563
2.04364 0.35 -4.19888221110189
2.06864 0.35 -4.38106777221995
2.09364 0.35 -4.56085738851416
2.11864 0.35 -4.73837728023843
2.14364 0.35 -4.91373772712144
2.16864 0.35 -5.08704692342271
2.19364 0.35 -5.25840718828448
2.21864 0.35 -5.4279023244435
2.24364 0.35 -5.5956154667173
2.26864 0.35 -5.76161502624412
2.29364 0.35 -5.92600278396739
2.31864 0.35 -6.08881587620173
2.34364 0.35 -6.25013922919464
2.36864 0.35 -6.40999185840405
2.39364 0.35 -6.56848186561141
2.41864 0.35 -6.72559657758871
2.44364 0.35 -6.88142054513466
2.46864 0.35 -7.0359563101517
2.49364 0.35 -7.18927599765235
2.51864 0.35 -7.34140233090238
2.54364 0.35 -7.49236888518392
2.56864 0.35 -7.64219918427564
2.59364 0.35 -7.79093967628271
2.61864 0.35 -7.9385927727694
2.64364 0.35 -8.08518238856642
2.66864 0.35 -8.23072117651216
2.69364 0.35 -8.37524548067055
2.71864 0.35 -8.51877773610839
2.74364 0.35 -8.66133218854621
2.76864 0.35 -8.80288668902799
2.79364 0.35 -8.9435217644292
2.81864 0.35 -9.08318474862315
2.84364 0.35 -9.22190530424097
2.86864 0.35 -9.35969790409526
2.89364 0.35 -9.4965934786155
2.91864 0.35 -9.63256119981294
2.94364 0.35 -9.76763093348124
2.96864 0.35 -9.90180371916136
2.99364 0.35 -10.0350752459715
3.01864 0.35 -10.1674744258052
3.04364 0.35 -10.2989718103956
3.06864 0.35 -10.4296235156913
3.09364 0.35 -10.5593742117559
3.11864 0.35 -10.6882647836588
3.14364 0.35 -10.8162743834725
3.16864 0.35 -10.9434276085722
3.19364 0.35 -11.069721721937
3.21864 0.35 -11.1951357709515
3.24364 0.35 -11.3196916141741
3.26864 0.35 -11.443407187266
3.29364 0.35 -11.5662335818842
3.31864 0.35 -11.6882277789695
3.34364 0.35 -11.8093679680213
3.36864 0.35 -11.9296283316472
3.39364 0.35 -12.049039308472
3.41864 0.35 -12.1675893006737
3.44364 0.35 -12.2853020585193
3.46864 0.35 -12.4021463560411
3.49364 0.35 -12.5181296369979
3.51864 0.35 -12.6332609946633
3.54364 0.35 -12.7475565598041
3.56864 0.35 -12.8609829256941
3.59364 0.35 -12.9735506778204
3.61864 0.35 -13.08526639107
3.64364 0.35 -13.1961427783355
3.66864 0.35 -13.3061468262484
3.69364 0.35 -13.4152849357881
3.71864 0.35 -13.5236123636422
3.74364 0.35 -13.631052238935
3.76864 0.35 -13.7376521451193
3.79364 0.35 -13.8434069333787
3.81864 0.35 -13.9482982767233
1.36864 0.36 2.54697453030728
1.39364 0.36 2.16530878187276
1.41864 0.36 1.80220447569865
1.44364 0.36 1.45584874356352
1.46864 0.36 1.12466246886147
1.49364 0.36 0.807226763008379
1.51864 0.36 0.502319960332433
1.54364 0.36 0.208828266093953
1.56864 0.36 -0.0742224869111116
1.59364 0.36 -0.347712057589757
1.61864 0.36 -0.612422764648988
1.64364 0.36 -0.869060211540639
1.66864 0.36 -1.11825702228701
1.69364 0.36 -1.36058199962399
1.71864 0.36 -1.59655368811839
1.74364 0.36 -1.82663800633738
1.76864 0.36 -2.05126023945067
1.79364 0.36 -2.27080513645966
1.81864 0.36 -2.48562423450952
1.84364 0.36 -2.69603801189117
1.86864 0.36 -2.90233584355902
1.89364 0.36 -3.10478602283532
1.91864 0.36 -3.30363471121201
1.94364 0.36 -3.49909881678517
1.96864 0.36 -3.69139071108103
1.99364 0.36 -3.8806974763127
2.01864 0.36 -4.06718807230697
2.04364 0.36 -4.25102790352198
2.06864 0.36 -4.43235750527768
2.09364 0.36 -4.61131447470747
2.11864 0.36 -4.78802507494599
2.14364 0.36 -4.96259984918153
2.16864 0.36 -5.13514528403968
2.19364 0.36 -5.30575770988928
2.21864 0.36 -5.47453924015088
2.24364 0.36 -5.64155019007081
2.26864 0.36 -5.80686616891983
2.29364 0.36 -5.9705896711677
2.31864 0.36 -6.13275675633379
2.34364 0.36 -6.29345139422124
2.36864 0.36 -6.45269332406481
2.39364 0.36 -6.61059074779911
2.41864 0.36 -6.76712300086487
2.44364 0.36 -6.92235397311062
2.46864 0.36 -7.07636825048467
2.49364 0.36 -7.22915156906078
2.51864 0.36 -7.38075814737368
2.54364 0.36 -7.53121101639845
2.56864 0.36 -7.68054702095014
2.59364 0.36 -7.82880097989238
2.61864 0.36 -7.97595370299477
2.64364 0.36 -8.12210516914119
2.66864 0.36 -8.26719217306932
2.69364 0.36 -8.41127272770929
2.71864 0.36 -8.55437173888133
2.74364 0.36 -8.69650054165073
2.76864 0.36 -8.83764654371854
2.79364 0.36 -8.97784000859019
2.81864 0.36 -9.11710782219604
2.84364 0.36 -9.25546913624257
2.86864 0.36 -9.39287759765028
2.89364 0.36 -9.52939747242922
2.91864 0.36 -9.66499612480722
2.94364 0.36 -9.79970391740255
2.96864 0.36 -9.93352449410967
2.99364 0.36 -10.0664460460066
3.01864 0.36 -10.1985024391885
3.04364 0.36 -10.3296629261731
3.06864 0.36 -10.4599825500641
3.09364 0.36 -10.5894066471014
3.11864 0.36 -10.7179783229696
3.14364 0.36 -10.8456700899493
3.16864 0.36 -10.9725108014937
3.19364 0.36 -11.0984977502912
3.21864 0.36 -11.2236041113277
3.24364 0.36 -11.3478666804431
3.26864 0.36 -11.4712867215219
3.29364 0.36 -11.5938230914677
3.31864 0.36 -11.7155305244366
3.34364 0.36 -11.8363873222802
3.36864 0.36 -11.9563713873522
3.39364 0.36 -12.0755025929908
3.41864 0.36 -12.1937810845042
3.44364 0.36 -12.3112322062013
3.46864 0.36 -12.4277974975561
3.49364 0.36 -12.543521576732
3.51864 0.36 -12.6583931828436
3.54364 0.36 -12.7724294557536
3.56864 0.36 -12.8856006652864
3.59364 0.36 -12.9979149726752
3.61864 0.36 -13.1093835603695
3.64364 0.36 -13.219981904703
3.66864 0.36 -13.329774249669
3.69364 0.36 -13.4386683345293
3.71864 0.36 -13.5467290672968
3.74364 0.36 -13.6539685122418
3.76864 0.36 -13.7603232858858
3.79364 0.36 -13.8658439168662
3.81864 0.36 -13.9705036217434
1.36864 0.37 2.46599964260834
1.39364 0.37 2.084927692695
1.41864 0.37 1.72259230459256
1.44364 0.37 1.37715606092337
1.46864 0.37 1.04698728766255
1.49364 0.37 0.730657760033455
1.51864 0.37 0.426913004815732
1.54364 0.37 0.134623988833327
1.56864 0.37 -0.147197020351878
1.59364 0.37 -0.419441281604152
1.61864 0.37 -0.682903436531714
1.64364 0.37 -0.938289409237583
1.66864 0.37 -1.18624360083761
1.69364 0.37 -1.42734013650473
1.71864 0.37 -1.66210102036191
1.74364 0.37 -1.89099108697859
1.76864 0.37 -2.11444249443395
1.79364 0.37 -2.33284015638431
1.81864 0.37 -2.54653826064808
1.84364 0.37 -2.75585447150599
1.86864 0.37 -2.96108248189247
1.89364 0.37 -3.16248904997241
1.91864 0.37 -3.3603222694933
1.94364 0.37 -3.5547999612067
1.96864 0.37 -3.74612666585757
1.99364 0.37 -3.93449765833256
2.01864 0.37 -4.12008114468151
2.04364 0.37 -4.30303420428525
2.06864 0.37 -4.48350954953941
2.09364 0.37 -4.66162856027323
2.11864 0.37 -4.83752481248667
2.14364 0.37 -5.01131145541076
2.16864 0.37 -5.18309256159026
2.19364 0.37 -5.35296115033369
2.21864 0.37 -5.52101429011188
2.24364 0.37 -5.68732345194851
2.26864 0.37 -5.85195717802953
2.29364 0.37 -6.01501517025483
2.31864 0.37 -6.17653662977018
2.34364 0.37 -6.33660446904568
2.36864 0.37 -6.49526409004139
2.39364 0.37 -6.65253470357423
2.41864 0.37 -6.80849228759721
2.44364 0.37 -6.96318794466421
2.46864 0.37 -7.11662561039539
2.49364 0.37 -7.26887473868098
2.51864 0.37 -7.41995959900206
2.54364 0.37 -7.56990488098981
2.56864 0.37 -7.71873841058223
2.59364 0.37 -7.8665132870604
2.61864 0.37 -8.01322321793482
2.64364 0.37 -8.15888511428974
2.66864 0.37 -8.30351984751322
2.69364 0.37 -8.44716077556902
2.71864 0.37 -8.58982909078931
2.74364 0.37 -8.73153934127823
2.76864 0.37 -8.87226943624739
2.79364 0.37 -9.01209051612951
2.81864 0.37 -9.15095972606053
2.84364 0.37 -9.28890312901636
2.86864 0.37 -9.42593245226777
2.89364 0.37 -9.56207910532667
2.91864 0.37 -9.6973123970114
2.94364 0.37 -9.83166036130152
2.96864 0.37 -9.96512690725778
2.99364 0.37 -10.0977016124842
3.01864 0.37 -10.2294183527227
3.04364 0.37 -10.3602438317891
3.06864 0.37 -10.4902314654583
3.09364 0.37 -10.6193334669951
3.11864 0.37 -10.7475855218668
3.14364 0.37 -10.8749640235519
3.16864 0.37 -11.0014941064294
3.19364 0.37 -11.1271764125504
3.21864 0.37 -11.2519822940262
3.24364 0.37 -11.3759476815264
3.26864 0.37 -11.4990754815392
3.29364 0.37 -11.621351565152
3.31864 0.37 -11.7427452022637
3.34364 0.37 -11.8633193220034
3.36864 0.37 -11.9830225766927
3.39364 0.37 -12.1018833849456
3.41864 0.37 -12.2198871145074
3.44364 0.37 -12.3370723931316
3.46864 0.37 -12.4533758984813
3.49364 0.37 -12.5688362511411
3.51864 0.37 -12.6834467929656
3.54364 0.37 -12.7972295390414
3.56864 0.37 -12.9101466483669
3.59364 0.37 -13.0222115032935
3.61864 0.37 -13.1334294689922
3.64364 0.37 -13.2438121036872
3.66864 0.37 -13.3533323943327
3.69364 0.37 -13.4619849506649
3.71864 0.37 -13.5698380867242
3.74364 0.37 -13.6768000983819
3.76864 0.37 -13.7829326348269
3.79364 0.37 -13.8882222815968
3.81864 0.37 -13.992654088704
1.36864 0.38 2.38469457173991
1.39364 0.38 2.00424043743573
1.41864 0.38 1.64270389210342
1.44364 0.38 1.29821392787318
1.46864 0.38 0.96909989694142
1.49364 0.38 0.653906429571903
1.51864 0.38 0.351348979216322
1.54364 0.38 0.0602945283154644
1.56864 0.38 -0.220276060410478
1.59364 0.38 -0.491248961087175
1.61864 0.38 -0.753434585899068
1.64364 0.38 -1.00755063853061
1.66864 0.38 -1.25424386425091
1.69364 0.38 -1.49409242030205
1.71864 0.38 -1.72762300222135
1.74364 0.38 -1.95530971136355
1.76864 0.38 -2.17757300456995
1.79364 0.38 -2.39481413265588
1.81864 0.38 -2.60737382383975
1.84364 0.38 -2.81558782278988
1.86864 0.38 -3.01973186887803
1.89364 0.38 -3.2200900545515
1.91864 0.38 -3.4168964316303
1.94364 0.38 -3.61037612235835
1.96864 0.38 -3.80073990775951
1.99364 0.38 -3.98816621888317
2.01864 0.38 -4.17283498752131
2.04364 0.38 -4.35489859380079
2.06864 0.38 -4.53450852544805
2.09364 0.38 -4.71179273977669
2.11864 0.38 -4.88687466107985
2.14364 0.38 -5.05987155682014
2.16864 0.38 -5.23088374995716
2.19364 0.38 -5.40000628996955
2.21864 0.38 -5.56733277910743
2.24364 0.38 -5.73294362947395
2.26864 0.38 -5.89689241115561
2.29364 0.38 -6.05928696314472
2.31864 0.38 -6.22016579120994
2.34364 0.38 -6.37960480247535
2.36864 0.38 -6.53765423890096
2.39364 0.38 -6.69433125377304
2.41864 0.38 -6.84971227527417
2.44364 0.38 -7.00384519820778
2.46864 0.38 -7.15673468454073
2.49364 0.38 -7.30844941039215
2.51864 0.38 -7.45901679791934
2.54364 0.38 -7.60845357981388
2.56864 0.38 -7.75679934921525
2.59364 0.38 -7.90408678813379
2.61864 0.38 -8.05032620069384
2.64364 0.38 -8.19552864450526
2.66864 0.38 -8.33971221881258
2.69364 0.38 -8.4829168644711
2.71864 0.38 -8.62515688666815
2.74364 0.38 -8.76644622542174
2.76864 0.38 -8.90676661677801
2.79364 0.38 -9.04618566812768
2.81864 0.38 -9.18466128496223
2.84364 0.38 -9.32221800943531
2.86864 0.38 -9.45887009434216
2.89364 0.38 -9.59464636152694
2.91864 0.38 -9.72951525317363
2.94364 0.38 -9.86350481544388
2.96864 0.38 -9.99662286969131
2.99364 0.38 -10.1288530715102
3.01864 0.38 -10.2602305208497
3.04364 0.38 -10.3907220132423
3.06864 0.38 -10.5203846430383
3.09364 0.38 -10.6491621190689
3.11864 0.38 -10.7770965851931
3.14364 0.38 -10.9041629922636
3.16864 0.38 -11.030386534862
3.19364 0.38 -11.1557640944211
3.21864 0.38 -11.2802750692429
3.24364 0.38 -11.4039413507462
3.26864 0.38 -11.5267709366363
3.29364 0.38 -11.6487684237656
3.31864 0.38 -11.7698781289378
3.34364 0.38 -11.890173186268
3.36864 0.38 -12.0095986469479
3.39364 0.38 -12.1281883120485
3.41864 0.38 -12.2459243763392
3.44364 0.38 -12.3628421350129
3.46864 0.38 -12.478881781645
3.49364 0.38 -12.5940814730844
3.51864 0.38 -12.7084349845067
3.54364 0.38 -12.8219622276872
3.56864 0.38 -12.9346284535042
3.59364 0.38 -13.04644406184
3.61864 0.38 -13.1574153538253
3.64364 0.38 -13.2675549297045
3.66864 0.38 -13.3768324647608
3.69364 0.38 -13.4852456577569
3.71864 0.38 -13.592861819521
3.74364 0.38 -13.6995891545144
3.76864 0.38 -13.8054902033466
3.79364 0.38 -13.9105469628847
3.81864 0.38 -14.0147517674302
1.36864 0.39 2.30304027548264
1.39364 0.39 1.92323433882714
1.41864 0.39 1.56253950987832
1.44364 0.39 1.21902371942433
1.46864 0.39 0.890993452441681
1.49364 0.39 0.576960380906023
1.51864 0.39 0.27562666628973
1.54364 0.39 -0.0141694513707017
1.56864 0.39 -0.293455117290561
1.59364 0.39 -0.563135081703581
1.61864 0.39 -0.824024119697601
1.64364 0.39 -1.07684826756299
1.66864 0.39 -1.32226021754842
1.69364 0.39 -1.56084371196633
1.71864 0.39 -1.79313012349308
1.74364 0.39 -2.01958674408872
1.76864 0.39 -2.2406535093106
1.79364 0.39 -2.4567178059933
1.81864 0.39 -2.66813489130006
1.84364 0.39 -2.87522736096999
1.86864 0.39 -3.07828667076235
1.89364 0.39 -3.27758407444519
1.91864 0.39 -3.47335873952905
1.94364 0.39 -3.66583871726979
1.96864 0.39 -3.85522246322725
1.99364 0.39 -4.04170317874585
2.01864 0.39 -4.22545338211536
2.04364 0.39 -4.40662420807935
2.06864 0.39 -4.58536712749553
2.09364 0.39 -4.76181336581962
2.11864 0.39 -4.93607524074504
2.14364 0.39 -5.10828005008055
2.16864 0.39 -5.27852365649678
2.19364 0.39 -5.44690135698419
2.21864 0.39 -5.61349969586992
2.24364 0.39 -5.77841341026753
2.26864 0.39 -5.94167931148149
2.29364 0.39 -6.10340967319233
2.31864 0.39 -6.26364299188855
2.34364 0.39 -6.42245429856359
2.36864 0.39 -6.57986763582417
2.39364 0.39 -6.73597872384892
2.41864 0.39 -6.89078271359007
2.44364 0.39 -7.04432589328757
2.46864 0.39 -7.19669901959979
2.49364 0.39 -7.34788073836268
2.51864 0.39 -7.49793094665903
2.54364 0.39 -7.64686309194164
2.56864 0.39 -7.79471525154372
2.59364 0.39 -7.94152196986068
2.61864 0.39 -8.08726546116091
2.64364 0.39 -8.23201057931762
2.66864 0.39 -8.37577809854987
2.69364 0.39 -8.51854379842379
2.71864 0.39 -8.6603590594363
2.74364 0.39 -8.8012288071248
2.76864 0.39 -8.94113851713609
2.79364 0.39 -9.08013144060555
2.81864 0.39 -9.21821538740931
2.84364 0.39 -9.3554189110962
2.86864 0.39 -9.4916935222688
2.89364 0.39 -9.62707366453609
2.91864 0.39 -9.76160808290993
2.94364 0.39 -9.89524456669529
2.96864 0.39 -10.027984304668
2.99364 0.39 -10.1598998884298
3.01864 0.39 -10.2909382953836
3.04364 0.39 -10.4211006680053
3.06864 0.39 -10.5504102840505
3.09364 0.39 -10.6788958079959
3.11864 0.39 -10.8065149143437
3.14364 0.39 -10.9332721695199
3.16864 0.39 -11.0591887043809
3.19364 0.39 -11.1842643523449
3.21864 0.39 -11.3084805530295
3.24364 0.39 -11.4318524524446
3.26864 0.39 -11.5543994040361
3.29364 0.39 -11.6760777306904
3.31864 0.39 -11.7969326613297
3.34364 0.39 -11.9169521289396
3.36864 0.39 -12.0361028491359
3.39364 0.39 -12.1544205126108
3.41864 0.39 -12.2718900891678
3.44364 0.39 -12.3885090754237
3.46864 0.39 -12.5043209363892
3.49364 0.39 -12.619261881084
3.51864 0.39 -12.733359798804
3.54364 0.39 -12.8466378985107
3.56864 0.39 -12.9590498400875
3.59364 0.39 -13.070617740438
3.61864 0.39 -13.1813438933877
3.64364 0.39 -13.2912108336601
3.66864 0.39 -13.4002493339341
3.69364 0.39 -13.5084533363658
3.71864 0.39 -13.6158038800678
3.74364 0.39 -13.7223279435862
3.76864 0.39 -13.827996857039
3.79364 0.39 -13.9328278356799
3.81864 0.39 -14.0368023333614
1.36864 0.4 2.22101797932469
1.39364 0.4 1.84188998228404
1.41864 0.4 1.4820667922592
1.44364 0.4 1.13955934594925
1.46864 0.4 0.812645225725742
1.49364 0.4 0.499808768832161
1.51864 0.4 0.1997258925118
1.54364 0.4 -0.0887844180146464
1.56864 0.4 -0.366756246718857
1.59364 0.4 -0.635115149900589
1.61864 0.4 -0.89468084824839
1.64364 0.4 -1.14619073869221
1.66864 0.4 -1.39029924107638
1.69364 0.4 -1.6275982538069
1.71864 0.4 -1.8586166329648
1.74364 0.4 -2.08383506545232
1.76864 0.4 -2.30368730428677
1.79364 0.4 -2.51856434942792
1.81864 0.4 -2.72882383579423
1.84364 0.4 -2.93478731503475
1.86864 0.4 -3.1367448739367
1.89364 0.4 -3.33497013956553
1.91864 0.4 -3.52970799178483
1.94364 0.4 -3.72117417166818
1.96864 0.4 -3.90957961201785
1.99364 0.4 -4.09510901153359
2.01864 0.4 -4.2779332271798
2.04364 0.4 -4.45820803459936
2.06864 0.4 -4.63607838905896
2.09364 0.4 -4.81167617007766
2.11864 0.4 -4.98512505398637
2.14364 0.4 -5.15653527310946
2.16864 0.4 -5.32600764825483
2.19364 0.4 -5.49363793607034
2.21864 0.4 -5.65950875965548
2.24364 0.4 -5.82370085069035
2.26864 0.4 -5.9863145888191
2.29364 0.4 -6.14737825488399
2.31864 0.4 -6.3069668707056
2.34364 0.4 -6.46515310408077
2.36864 0.4 -6.62195568201415
2.39364 0.4 -6.77744819436728
2.41864 0.4 -6.93167603859536
2.44364 0.4 -7.08468894385336
2.46864 0.4 -7.2364866650675
2.49364 0.4 -7.38713977991932
2.51864 0.4 -7.53667238945406
2.54364 0.4 -7.68512892917271
2.56864 0.4 -7.83249167394434
2.59364 0.4 -7.97879234752741
2.61864 0.4 -8.12409629029471
2.64364 0.4 -8.26838567916333
2.66864 0.4 -8.4116799316641
2.69364 0.4 -8.55403969510534
2.71864 0.4 -8.69542768208717
2.74364 0.4 -8.8358559863107
2.76864 0.4 -8.97539056465302
2.79364 0.4 -9.11398420663245
2.81864 0.4 -9.25167872960129
2.84364 0.4 -9.38846894682985
2.86864 0.4 -9.52437176213332
2.89364 0.4 -9.6594130657246
2.91864 0.4 -9.79356142229934
2.94364 0.4 -9.92683884190761
2.96864 0.4 -10.0592639744758
2.99364 0.4 -10.1908126831383
3.01864 0.4 -10.32151644309
3.04364 0.4 -10.4513819225316
3.06864 0.4 -10.5803648756049
3.09364 0.4 -10.7085038542995
3.11864 0.4 -10.8358098870743
3.14364 0.4 -10.9622667801123
3.16864 0.4 -11.0878709420578
3.19364 0.4 -11.2126487050704
3.21864 0.4 -11.3365970883687
3.24364 0.4 -11.4596792706566
3.26864 0.4 -11.5819098715393
3.29364 0.4 -11.7033326295126
3.31864 0.4 -11.8239100893529
3.34364 0.4 -11.9436250600017
3.36864 0.4 -12.0625028727747
3.39364 0.4 -12.1805779456128
3.41864 0.4 -12.2977852135983
3.44364 0.4 -12.4141440235869
3.46864 0.4 -12.529662266623
3.49364 0.4 -12.6443816267724
3.51864 0.4 -12.7582203622678
3.54364 0.4 -12.8712127638937
3.56864 0.4 -12.9833797943843
3.59364 0.4 -13.0947013744911
3.61864 0.4 -13.2051856710083
3.64364 0.4 -13.3148402389994
3.66864 0.4 -13.4236380355723
3.69364 0.4 -13.5316068380939
3.71864 0.4 -13.6387231107937
3.74364 0.4 -13.7450179081876
3.76864 0.4 -13.850452746152
3.79364 0.4 -13.9550570656444
3.81864 0.4 -14.0588078430978
1.36864 0.41 2.13860372845547
1.39364 0.41 1.76019145675643
1.41864 0.41 1.40126550720468
1.44364 0.41 1.05980508562588
1.46864 0.41 0.734044617524657
1.49364 0.41 0.422439008489392
1.51864 0.41 0.123637603700575
1.54364 0.41 -0.163550761781689
1.56864 0.41 -0.440182830233233
1.59364 0.41 -0.707191464821481
1.61864 0.41 -0.965410669727278
1.64364 0.41 -1.21558083238467
1.66864 0.41 -1.45836630959236
1.69364 0.41 -1.69435706009983
1.71864 0.41 -1.9240933040483
1.74364 0.41 -2.14805433251547
1.76864 0.41 -2.36667599590563
1.79364 0.41 -2.58035270465951
1.81864 0.41 -2.78943982413952
1.84364 0.41 -2.99426157186728
1.86864 0.41 -3.19511029879103
1.89364 0.41 -3.39225684053451
1.91864 0.41 -3.58594376326796
1.94364 0.41 -3.77639452650757
1.96864 0.41 -3.96381248425674
1.99364 0.41 -4.14838256785701
2.01864 0.41 -4.33027242255999
2.04364 0.41 -4.50965137102661
2.06864 0.41 -4.68664389379444
2.09364 0.41 -4.86139623811605
2.11864 0.41 -5.03402554656642
2.14364 0.41 -5.20463643610072
2.16864 0.41 -5.3733334282551
2.19364 0.41 -5.54021674090747
2.21864 0.41 -5.70536368547994
2.24364 0.41 -5.86886141237033
2.26864 0.41 -6.0307584950883
2.29364 0.41 -6.1911625505939
2.31864 0.41 -6.35010437371933
2.34364 0.41 -6.5076637490781
2.36864 0.41 -6.66388646872475
2.39364 0.41 -6.81878610978958
2.41864 0.41 -6.97244122282453
2.44364 0.41 -7.12489417117515
2.46864 0.41 -7.27615029071886
2.49364 0.41 -7.42627322437736
2.51864 0.41 -7.57529198078647
2.54364 0.41 -7.72321804912005
2.56864 0.41 -7.87009133104809
2.59364 0.41 -8.01594349297098
2.61864 0.41 -8.16078257412818
2.64364 0.41 -8.30461789264759
2.66864 0.41 -8.44747019874217
2.69364 0.41 -8.58936915043827
2.71864 0.41 -8.73033486363458
2.74364 0.41 -8.87038075734484
2.76864 0.41 -9.0094801081732
2.79364 0.41 -9.14770628099841
2.81864 0.41 -9.28501612935466
2.84364 0.41 -9.42142760124196
2.86864 0.41 -9.55695703967698
2.89364 0.41 -9.69163366457905
2.91864 0.41 -9.82542717296421
2.94364 0.41 -9.95835620610837
2.96864 0.41 -10.0904336847713
2.99364 0.41 -10.2216436817969
3.01864 0.41 -10.3520165095515
3.04364 0.41 -10.4815248678843
3.06864 0.41 -10.6102149659638
3.09364 0.41 -10.7380387848209
3.11864 0.41 -10.865033740368
3.14364 0.41 -10.9911748669323
3.16864 0.41 -11.1164861646291
3.19364 0.41 -11.2409685990096
3.21864 0.41 -11.364593042949
3.24364 0.41 -11.4873859401215
3.26864 0.41 -11.6093573232295
3.29364 0.41 -11.7304738506609
3.31864 0.41 -11.8507729311178
3.34364 0.41 -11.9702422652783
3.36864 0.41 -12.088851007368
3.39364 0.41 -12.2066316265775
3.41864 0.41 -12.3235704046397
3.44364 0.41 -12.4396989090459
3.46864 0.41 -12.5549589172943
3.49364 0.41 -12.6693871586759
3.51864 0.41 -12.7829804889054
3.54364 0.41 -12.8957521751352
3.56864 0.41 -13.0076717300994
3.59364 0.41 -13.1187494832481
3.61864 0.41 -13.2289890513138
3.64364 0.41 -13.3384060704143
3.66864 0.41 -13.4469660688318
3.69364 0.41 -13.5546689759034
3.71864 0.41 -13.661584290652
3.74364 0.41 -13.7676152217319
3.76864 0.41 -13.8728261348051
3.79364 0.41 -13.9772019641289
3.81864 0.41 -14.0807291797308
1.36864 0.42 2.0557865007986
1.39364 0.42 1.67811357920876
1.41864 0.42 1.32012955873335
1.44364 0.42 0.979750916151413
1.46864 0.42 0.65517595230237
1.49364 0.42 0.344837975271089
1.51864 0.42 0.047354462527864
1.54364 0.42 -0.238483868139731
1.56864 0.42 -0.513744734365582
1.59364 0.42 -0.779375209337118
1.61864 0.42 -1.03621927583279
1.64364 0.42 -1.28502674552458
1.66864 0.42 -1.52646006311789
1.69364 0.42 -1.7611252796165
1.71864 0.42 -1.98955882585519
1.74364 0.42 -2.21224476478391
1.76864 0.42 -2.42962327255667
1.79364 0.42 -2.64208259056112
1.81864 0.42 -2.84998659271091
1.84364 0.42 -3.05365469388857
1.86864 0.42 -3.25338695097916
1.89364 0.42 -3.44944007665647
1.91864 0.42 -3.64206842364862
1.94364 0.42 -3.83149424100328
1.96864 0.42 -4.01791648873696
1.99364 0.42 -4.20152406576609
2.01864 0.42 -4.38248053475104
2.04364 0.42 -4.5609488978142
2.06864 0.42 -4.73706675662621
2.09364 0.42 -4.91096661471308
2.11864 0.42 -5.08276688210042
2.14364 0.42 -5.25258000893502
2.16864 0.42 -5.42050521699253
2.19364 0.42 -5.58663481094144
2.21864 0.42 -5.7510561127632
2.24364 0.42 -5.91384772238754
2.26864 0.42 -6.07506090862348
2.29364 0.42 -6.23480094930086
2.31864 0.42 -6.3930979776611
2.34364 0.42 -6.55003158781713
2.36864 0.42 -6.70561835809705
2.39364 0.42 -6.85995798386299
2.41864 0.42 -7.01303726834762
2.44364 0.42 -7.1649053081874
2.46864 0.42 -7.31564829243273
2.49364 0.42 -7.46524362723177
2.51864 0.42 -7.61374698055432
2.54364 0.42 -7.76117367767384
2.56864 0.42 -7.90755971483631
2.59364 0.42 -8.05293800188186
2.61864 0.42 -8.1972859567847
2.64364 0.42 -8.34069834585299
2.66864 0.42 -8.48310917481892
2.69364 0.42 -8.62457837870939
2.71864 0.42 -8.76512230215948
2.74364 0.42 -8.90475512844823
2.76864 0.42 -9.04345421632611
2.79364 0.42 -9.18125920782895
2.81864 0.42 -9.31820960923126
2.84364 0.42 -9.45424711286058
2.86864 0.42 -9.58940825114531
2.89364 0.42 -9.72372160654739
2.91864 0.42 -9.85715728888203
2.94364 0.42 -9.98974281901382
2.96864 0.42 -10.1214764205073
2.99364 0.42 -10.252348850255
3.01864 0.42 -10.3823934128309
3.04364 0.42 -10.5115737071307
3.06864 0.42 -10.6399483434742
3.09364 0.42 -10.7674574652016
3.11864 0.42 -10.8941443291558
3.14364 0.42 -11.0199808147413
3.16864 0.42 -11.1449935896597
3.19364 0.42 -11.2691786253286
3.21864 0.42 -11.3925134906409
3.24364 0.42 -11.5150202021444
3.26864 0.42 -11.6367112854137
3.29364 0.42 -11.757543768373
3.31864 0.42 -11.8775693030943
3.34364 0.42 -11.996764586958
3.36864 0.42 -12.1151041664072
3.39364 0.42 -12.232622166528
3.41864 0.42 -12.3492964508954
3.44364 0.42 -12.4651643172545
3.46864 0.42 -12.5801712653434
3.49364 0.42 -12.6943444729505
3.51864 0.42 -12.8076841696144
3.54364 0.42 -12.9202089202065
3.56864 0.42 -13.0318838701304
3.59364 0.42 -13.1427189527731
3.61864 0.42 -13.2527182557094
3.64364 0.42 -13.361895301063
3.66864 0.42 -13.4702204222272
3.69364 0.42 -13.5776904013984
3.71864 0.42 -13.6843741763247
3.74364 0.42 -13.7901729312127
3.76864 0.42 -13.8951583033654
3.79364 0.42 -13.999309638209
3.81864 0.42 -14.102612979052
1.36864 0.43 1.97252378442919
1.39364 0.43 1.59564222998128
1.41864 0.43 1.23863125621476
1.44364 0.43 0.899371416537731
1.46864 0.43 0.576027041945872
1.49364 0.43 0.2669908123413
1.51864 0.43 -0.0291381711933842
1.54364 0.43 -0.313590502191791
1.56864 0.43 -0.587448895963878
1.59364 0.43 -0.851674992475597
1.61864 0.43 -1.10711526091657
1.64364 0.43 -1.35453192112659
1.66864 0.43 -1.59459373990352
1.69364 0.43 -1.82790955739094
1.71864 0.43 -2.05502276987294
1.74364 0.43 -2.27641773918035
1.76864 0.43 -2.49252849069329
1.79364 0.43 -2.70375699140268
1.81864 0.43 -2.91046180313901
1.84364 0.43 -3.11296500483133
1.86864 0.43 -3.31156147053762
1.89364 0.43 -3.50651963965997
1.91864 0.43 -3.69808279157154
1.94364 0.43 -3.88647377650739
1.96864 0.43 -4.07189412540413
1.99364 0.43 -4.25453059900108
2.01864 0.43 -4.43454807009928
2.04364 0.43 -4.61210455153916
2.06864 0.43 -4.78734051692978
2.09364 0.43 -4.96038528162183
2.11864 0.43 -5.13136069011701
2.14364 0.43 -5.30037145984451
2.16864 0.43 -5.46751733137141
2.19364 0.43 -5.63289687363431
2.21864 0.43 -5.79658620195775
2.24364 0.43 -5.95867439927364
2.26864 0.43 -6.11920254279559
2.29364 0.43 -6.27827815606247
2.31864 0.43 -6.43593085563745
2.34364 0.43 -6.59224116848867
2.36864 0.43 -6.74721990585465
2.39364 0.43 -6.90096894210278
2.41864 0.43 -7.05347996082684
2.44364 0.43 -7.20478816936274
2.46864 0.43 -7.35498656179022
2.49364 0.43 -7.5040587818433
2.51864 0.43 -7.65205040944672
2.54364 0.43 -7.79897892150948
2.56864 0.43 -7.94488216029791
2.59364 0.43 -8.08978495776622
2.61864 0.43 -8.23367214415786
2.64364 0.43 -8.37660752030077
2.66864 0.43 -8.518607730491
2.69364 0.43 -8.65964713048541
2.71864 0.43 -8.79977358858631
2.74364 0.43 -8.93899750568738
2.76864 0.43 -9.07729768962235
2.79364 0.43 -9.21471092385699
2.81864 0.43 -9.35125090267847
2.84364 0.43 -9.48694302709591
2.86864 0.43 -9.62173397585772
2.89364 0.43 -9.75568900082393
2.91864 0.43 -9.88877186115158
2.94364 0.43 -10.0210093855242
2.96864 0.43 -10.1524050565221
2.99364 0.43 -10.2829440576245
3.01864 0.43 -10.4126605307185
3.04364 0.43 -10.5415179128144
3.06864 0.43 -10.6695762980773
3.09364 0.43 -10.7967737500806
3.11864 0.43 -10.9231536940305
3.14364 0.43 -11.0486883046754
3.16864 0.43 -11.1734003022299
3.19364 0.43 -11.2972942875762
3.21864 0.43 -11.4203412869736
3.24364 0.43 -11.5425628420305
3.26864 0.43 -11.6639736069597
3.29364 0.43 -11.7845284995089
3.31864 0.43 -11.9042799531414
3.34364 0.43 -12.0232057981434
3.36864 0.43 -12.1412782022015
3.39364 0.43 -12.2585313407477
3.41864 0.43 -12.3749462677635
3.44364 0.43 -12.4905571629014
3.46864 0.43 -12.6053060168668
3.49364 0.43 -12.7192292409792
3.51864 0.43 -12.8323202455378
3.54364 0.43 -12.9445985191861
3.56864 0.43 -13.0560290232805
3.59364 0.43 -13.1666212585383
3.61864 0.43 -13.276381205646
3.64364 0.43 -13.3852943505067
3.66864 0.43 -13.4934149314918
3.69364 0.43 -13.6006515366423
3.71864 0.43 -13.7070736375843
3.74364 0.43 -13.8126779484814
3.76864 0.43 -13.9174357291412
3.79364 0.43 -14.0213636091759
3.81864 0.43 -14.124445069849
1.36864 0.44 1.88880590090072
1.39364 0.44 1.51274502677369
1.41864 0.44 1.15675116021265
1.44364 0.44 0.818656832807272
1.46864 0.44 0.496576761886372
1.49364 0.44 0.188881469802135
1.51864 0.44 -0.105855688454222
1.54364 0.44 -0.388883755112874
1.56864 0.44 -0.661309459474042
1.59364 0.44 -0.924097358072516
1.61864 0.44 -1.17810754341152
1.64364 0.44 -1.42410355553787
1.66864 0.44 -1.6627721002235
1.69364 0.44 -1.89471791632589
1.71864 0.44 -2.12048518105745
1.74364 0.44 -2.34056313960284
1.76864 0.44 -2.55539809028619
1.79364 0.44 -2.7653781945711
1.81864 0.44 -2.97086977818971
1.84364 0.44 -3.17219417406041
1.86864 0.44 -3.36964776877934
1.89364 0.44 -3.56349934826813
1.91864 0.44 -3.75398681519114
1.94364 0.44 -3.94133571388043
1.96864 0.44 -4.12574631037669
1.99364 0.44 -4.30740190978397
2.01864 0.44 -4.48647582682326
2.04364 0.44 -4.66311497446556
2.06864 0.44 -4.83746598909705
2.09364 0.44 -5.00965275497729
2.11864 0.44 -5.17979456199255
2.14364 0.44 -5.34800066920718
2.16864 0.44 -5.51437186023927
2.19364 0.44 -5.6789936897292
2.21864 0.44 -5.84195418760851
2.24364 0.44 -6.00332935359889
2.26864 0.44 -6.16318799063528
2.29364 0.44 -6.32159889836651
2.31864 0.44 -6.47860707642261
2.34364 0.44 -6.63429176110591
2.36864 0.44 -6.78866422235278
2.39364 0.44 -6.94179727187694
2.41864 0.44 -7.09373357250943
2.44364 0.44 -7.24451810498643
2.46864 0.44 -7.39417921158508
2.49364 0.44 -7.54272558343281
2.51864 0.44 -7.69017754988573
2.54364 0.44 -7.83663768254131
2.56864 0.44 -7.9820544743339
2.59364 0.44 -8.12645954395824
2.61864 0.44 -8.26991889535801
2.64364 0.44 -8.41240453300849
2.66864 0.44 -8.55396895763631
2.69364 0.44 -8.6945818838082
2.71864 0.44 -8.8342938356344
2.74364 0.44 -8.97308145837242
2.76864 0.44 -9.11101343872548
2.79364 0.44 -9.24803687215446
2.81864 0.44 -9.38419758239171
2.84364 0.44 -9.5194869491511
2.86864 0.44 -9.65394485237636
2.89364 0.44 -9.78751395349676
2.91864 0.44 -9.92024441558265
2.94364 0.44 -10.0521410967943
2.96864 0.44 -10.1831961488609
2.99364 0.44 -10.3134042450708
3.01864 0.44 -10.4427936710054
3.04364 0.44 -10.5713626803603
3.06864 0.44 -10.6990756542815
3.09364 0.44 -10.8259635252137
3.11864 0.44 -10.9520388096608
3.14364 0.44 -11.0773018516259
3.16864 0.44 -11.2017217285697
3.19364 0.44 -11.325293568223
3.21864 0.44 -11.4480822790819
3.24364 0.44 -11.5700185128733
3.26864 0.44 -11.691147174475
3.29364 0.44 -11.8114327114997
3.31864 0.44 -11.9309117454958
3.34364 0.44 -12.049538561652
3.36864 0.44 -12.1673765221258
3.39364 0.44 -12.2843665681319
3.41864 0.44 -12.4005242877521
3.44364 0.44 -12.5158486643496
3.46864 0.44 -12.6303731862132
3.49364 0.44 -12.7440487391518
3.51864 0.44 -12.8568914592257
3.54364 0.44 -12.968894838644
3.56864 0.44 -13.0800827758334
3.59364 0.44 -13.1904356304464
3.61864 0.44 -13.2999913508014
3.64364 0.44 -13.4086589886044
3.66864 0.44 -13.5165239822525
3.69364 0.44 -13.623557323974
3.71864 0.44 -13.7297527083964
3.74364 0.44 -13.8351314435869
3.76864 0.44 -13.9396622953482
3.79364 0.44 -14.0433692850643
3.81864 0.44 -14.1462306191411
1.36864 0.45 1.80460117682264
1.39364 0.45 1.42940400971353
1.41864 0.45 1.07447336103746
1.44364 0.45 0.737580820490074
1.46864 0.45 0.416814555774214
1.49364 0.45 0.110503015954734
1.51864 0.45 -0.182806529911388
1.54364 0.45 -0.464378216676811
1.56864 0.45 -0.735330184119096
1.59364 0.45 -0.996645230948081
1.61864 0.45 -1.24919613367886
1.64364 0.45 -1.49375078827098
1.66864 0.45 -1.73099819682783
1.69364 0.45 -1.961547335871
1.71864 0.45 -2.1859487933073
1.74364 0.45 -2.40469701347223
1.76864 0.45 -2.61823289630066
1.79364 0.45 -2.82695027387898
1.81864 0.45 -3.03121503880936
1.84364 0.45 -3.23134809520857
1.86864 0.45 -3.42764523129944
1.89364 0.45 -3.62037221135939
1.91864 0.45 -3.80977521707843
1.94364 0.45 -3.99607461944182
1.96864 0.45 -4.17946903706181
1.99364 0.45 -4.36014301837927
2.01864 0.45 -4.53826251064139
2.04364 0.45 -4.71398172171243
2.06864 0.45 -4.88743929940783
2.09364 0.45 -5.05876446131258
2.11864 0.45 -5.22807457223481
2.14364 0.45 -5.39547663825792
2.16864 0.45 -5.56106269404507
2.19364 0.45 -5.72493222123466
2.21864 0.45 -5.88716104169607
2.24364 0.45 -6.04782701308672
2.26864 0.45 -6.20698858646025
2.29364 0.45 -6.36473485362994
2.31864 0.45 -6.52109959294158
2.34364 0.45 -6.67615899519208
2.36864 0.45 -6.82992566014952
2.39364 0.45 -6.98250127567581
2.41864 0.45 -7.13386480135151
2.44364 0.45 -7.28406753365946
2.46864 0.45 -7.43318995861757
2.49364 0.45 -7.5812121593967
2.51864 0.45 -7.72818546718876
2.54364 0.45 -7.87412282157314
2.56864 0.45 -8.01905808994275
2.59364 0.45 -8.16302352529577
2.61864 0.45 -8.30599380022538
2.64364 0.45 -8.44806452410349
2.66864 0.45 -8.58916670190434
2.69364 0.45 -8.72935664467015
2.71864 0.45 -8.86865195237539
2.74364 0.45 -9.00706544416524
2.76864 0.45 -9.14457252862393
2.79364 0.45 -9.28121066991059
2.81864 0.45 -9.41699218831995
2.84364 0.45 -9.55194019890441
2.86864 0.45 -9.68600621289433
2.89364 0.45 -9.81924774050325
2.91864 0.45 -9.95163234145263
2.94364 0.45 -10.083183456769
2.96864 0.45 -10.2139067698227
2.99364 0.45 -10.3437874557661
3.01864 0.45 -10.4728526928414
3.04364 0.45 -10.6010752605232
3.06864 0.45 -10.7285035058269
3.09364 0.45 -10.8550848268135
3.11864 0.45 -10.9808571859323
3.14364 0.45 -11.1057909007509
3.16864 0.45 -11.2299199269466
3.19364 0.45 -11.3532320207685
3.21864 0.45 -11.4757025888897
3.24364 0.45 -11.5973644569387
3.26864 0.45 -11.7182190272072
3.29364 0.45 -11.8382257805362
3.31864 0.45 -11.9574345591914
3.34364 0.45 -12.0758258522767
3.36864 0.45 -12.1933697350315
3.39364 0.45 -12.3100978808878
3.41864 0.45 -12.4260007970402
3.44364 0.45 -12.5411011899573
3.46864 0.45 -12.6553460300495
3.49364 0.45 -12.7687708271462
3.51864 0.45 -12.8813763498426
3.54364 0.45 -12.9931591393215
3.56864 0.45 -13.1041045413277
3.59364 0.45 -13.2142195934877
3.61864 0.45 -13.3235067406749
3.64364 0.45 -13.4319489344786
3.66864 0.45 -13.5396052808653
3.69364 0.45 -13.646384248777
3.71864 0.45 -13.7523496674475
3.74364 0.45 -13.8575025570684
3.76864 0.45 -13.9618126812111
3.79364 0.45 -14.0652971595469
3.81864 0.45 -14.1679399364706
1.36864 0.46 1.7198851971646
1.39364 0.46 1.34559537436049
1.41864 0.46 0.991770802854444
1.44364 0.46 0.656129432626161
1.46864 0.46 0.336714336636685
1.49364 0.46 0.0318311004747406
1.51864 0.46 -0.260005757450547
1.54364 0.46 -0.540082447169948
1.56864 0.46 -0.809527967808619
1.59364 0.46 -1.06934039047173
1.61864 0.46 -1.32039723420335
1.64364 0.46 -1.5634794495482
1.66864 0.46 -1.79927798298338
1.69364 0.46 -2.02840939175278
1.71864 0.46 -2.25142547341986
1.74364 0.46 -2.46881840309596
1.76864 0.46 -2.68103509732946
1.79364 0.46 -2.88847288928913
1.81864 0.46 -3.09149498676897
1.84364 0.46 -3.29042234050205
1.86864 0.46 -3.4855520686986
1.89364 0.46 -3.67714762393896
1.91864 0.46 -3.86545891119587
1.94364 0.46 -4.05069551557683
1.96864 0.46 -4.23306419716723
1.99364 0.46 -4.41274827942735
2.01864 0.46 -4.58990857304291
2.04364 0.46 -4.76470281762857
2.06864 0.46 -4.93726431817065
2.09364 0.46 -5.10772371021416
2.11864 0.46 -5.27619730411478
2.14364 0.46 -5.44278813195502
2.16864 0.46 -5.60759489979348
2.19364 0.46 -5.7707047481463
2.21864 0.46 -5.93219899763413
2.24364 0.46 -6.09215670208922
2.26864 0.46 -6.25065211165306
2.29364 0.46 -6.4077052780336
2.31864 0.46 -6.56345320896061
2.34364 0.46 -6.71785933578373
2.36864 0.46 -6.87105095267601
2.39364 0.46 -7.02300907479996
2.41864 0.46 -7.17380529647675
2.44364 0.46 -7.32348334667839
2.46864 0.46 -7.47204239141033
2.49364 0.46 -7.6195427262059
2.51864 0.46 -7.76600980947286
2.54364 0.46 -7.91145202810978
2.56864 0.46 -8.05590765230228
2.59364 0.46 -8.19940736274114
2.61864 0.46 -8.34195120272242
2.64364 0.46 -8.48355060459827
2.66864 0.46 -8.62421746942172
2.69364 0.46 -8.76398635333042
2.71864 0.46 -8.90286669293851
2.74364 0.46 -9.04088142259023
2.76864 0.46 -9.1779945109534
2.79364 0.46 -9.31427870424944
2.81864 0.46 -9.44968370800285
2.84364 0.46 -9.58423602570647
2.86864 0.46 -9.71794263345225
2.89364 0.46 -9.85082900851923
2.91864 0.46 -9.98286913949351
2.94364 0.46 -10.114081832542
2.96864 0.46 -10.244471561785
2.99364 0.46 -10.3740238993874
3.01864 0.46 -10.5027697180225
3.04364 0.46 -10.630677405299
3.06864 0.46 -10.757795040715
3.09364 0.46 -10.8840703657101
3.11864 0.46 -11.0095431889146
3.14364 0.46 -11.1341859677905
3.16864 0.46 -11.2580193066016
3.19364 0.46 -11.3810431269606
3.21864 0.46 -11.5032364067371
3.24364 0.46 -11.624644711488
3.26864 0.46 -11.7451961597249
3.29364 0.46 -11.8649604625167
3.31864 0.46 -11.9838721420088
3.34364 0.46 -12.1019975775582
3.36864 0.46 -12.2192808089647
3.39364 0.46 -12.3357525454616
3.41864 0.46 -12.4514267266015
3.44364 0.46 -12.5662445125232
3.46864 0.46 -12.6802424457038
3.49364 0.46 -12.7934193853587
3.51864 0.46 -12.9058027089149
3.54364 0.46 -13.0173215503625
3.56864 0.46 -13.1280295789601
3.59364 0.46 -13.2379071391514
3.61864 0.46 -13.3469586432264
3.64364 0.46 -13.4551999735734
3.66864 0.46 -13.5625965129559
3.69364 0.46 -13.6691769929348
3.71864 0.46 -13.7749197857017
3.74364 0.46 -13.8798166691344
3.76864 0.46 -13.9839070964176
3.79364 0.46 -14.0871701448387
3.81864 0.46 -14.1896281990006
1.36864 0.47 1.63462907205379
1.39364 0.47 1.26129141353823
1.41864 0.47 0.908617687446689
1.44364 0.47 0.574278386539032
1.46864 0.47 0.256267388358164
1.49364 0.47 -0.0471510607870875
1.51864 0.47 -0.337470815531773
1.54364 0.47 -0.616010266741189
1.56864 0.47 -0.883911538740005
1.59364 0.47 -1.14218448915517
1.61864 0.47 -1.39171928089781
1.64364 0.47 -1.63329560464452
1.66864 0.47 -1.86761718136813
1.69364 0.47 -2.09530382946383
1.71864 0.47 -2.31690923523711
1.74364 0.47 -2.5329284190208
1.76864 0.47 -2.7438095144684
1.79364 0.47 -2.94994993884046
1.81864 0.47 -3.1517111110788
1.84364 0.47 -3.34942151272735
1.86864 0.47 -3.54336972921599
1.89364 0.47 -3.73382358665193
1.91864 0.47 -3.92102833017084
1.94364 0.47 -4.10519922385695
1.96864 0.47 -4.28653312514904
1.99364 0.47 -4.46521564544539
2.01864 0.47 -4.64141705378466
2.04364 0.47 -4.81527607281181
2.06864 0.47 -4.9869400952713
2.09364 0.47 -5.15653009779745
2.11864 0.47 -5.32416040980743
2.14364 0.47 -5.48993896543884
2.16864 0.47 -5.65395971203377
2.19364 0.47 -5.81631134926175
2.21864 0.47 -5.97707104816576
2.24364 0.47 -6.13631939380224
2.26864 0.47 -6.29410706815592
2.29364 0.47 -6.45052371768679
2.31864 0.47 -6.60559995277806
2.34364 0.47 -6.75940975729654
2.36864 0.47 -6.91196941672619
2.39364 0.47 -7.06336963915035
2.41864 0.47 -7.21359635546053
2.44364 0.47 -7.36269350288549
2.46864 0.47 -7.51074555266173
2.49364 0.47 -7.65772614648027
2.51864 0.47 -7.80368756318683
2.54364 0.47 -7.94864021376073
2.56864 0.47 -8.09261795545314
2.59364 0.47 -8.23565119814136
2.61864 0.47 -8.37771425025486
2.64364 0.47 -8.51889970601333
2.66864 0.47 -8.65913885554011
2.69364 0.47 -8.79848697143234
2.71864 0.47 -8.93696329305348
2.74364 0.47 -9.07457360095117
2.76864 0.47 -9.21129776597597
2.79364 0.47 -9.34717009799046
2.81864 0.47 -9.48220671028786
2.84364 0.47 -9.61641717397826
2.86864 0.47 -9.74976537308643
2.89364 0.47 -9.88230359614832
2.91864 0.47 -10.0139969448632
2.94364 0.47 -10.1448742278676
2.96864 0.47 -10.2749385312849
2.99364 0.47 -10.4041606961143
3.01864 0.47 -10.5325884402656
3.04364 0.47 -10.6601817027823
3.06864 0.47 -10.7869941994034
3.09364 0.47 -10.9129662336718
3.11864 0.47 -11.0381404612181
3.14364 0.47 -11.1624899677938
3.16864 0.47 -11.2860342865421
3.19364 0.47 -11.4087734537755
3.21864 0.47 -11.5306821704408
3.24364 0.47 -11.6517885654251
3.26864 0.47 -11.7720952312472
3.29364 0.47 -11.8915612162039
3.31864 0.47 -12.010234798737
3.34364 0.47 -12.1281000456079
3.36864 0.47 -12.2451239390522
3.39364 0.47 -12.3613380793572
3.41864 0.47 -12.4767307401772
3.44364 0.47 -12.591329683684
3.46864 0.47 -12.7050794880655
3.49364 0.47 -12.818010165181
3.51864 0.47 -12.9301216962403
3.54364 0.47 -13.0414294403142
3.56864 0.47 -13.1519006413018
3.59364 0.47 -13.2615432188363
3.61864 0.47 -13.370363274344
3.64364 0.47 -13.4783428744254
3.66864 0.47 -13.5855413933419
3.69364 0.47 -13.6918751728836
3.71864 0.47 -13.7973803823048
3.74364 0.47 -13.9020852402331
3.76864 0.47 -14.0059565284547
3.79364 0.47 -14.1089997601611
3.81864 0.47 -14.211214305144
1.36864 0.48 1.54879871801247
1.39364 0.48 1.17646547424817
1.41864 0.48 0.824997013729184
1.44364 0.48 0.492006708576881
1.46864 0.48 0.175443529746265
1.49364 0.48 -0.126453673446605
1.51864 0.48 -0.415217611393356
1.54364 0.48 -0.692177707948284
1.56864 0.48 -0.958496597291554
1.59364 0.48 -1.21519173742466
1.61864 0.48 -1.46316422495309
1.64364 0.48 -1.70320795367396
1.66864 0.48 -1.93602345371855
1.69364 0.48 -2.16223880787436
1.71864 0.48 -2.38240867007098
1.74364 0.48 -2.59703368804466
1.76864 0.48 -2.80656031184447
1.79364 0.48 -3.0113852226996
1.81864 0.48 -3.21187447540879
1.84364 0.48 -3.40834951375431
1.86864 0.48 -3.60110179478645
1.89364 0.48 -3.79040204497663
1.91864 0.48 -3.97648664252954
1.94364 0.48 -4.15957644400481
1.96864 0.48 -4.33987410344372
1.99364 0.48 -4.51755471197778
2.01864 0.48 -4.69277892458563
2.04364 0.48 -4.86570408227665
2.06864 0.48 -5.03646031746348
2.09364 0.48 -5.20517541048955
2.11864 0.48 -5.37196212127957
2.14364 0.48 -5.53692555706644
2.16864 0.48 -5.70015976551869
2.19364 0.48 -5.86174996122109
2.21864 0.48 -6.02177706930802
2.24364 0.48 -6.1803132696061
2.26864 0.48 -6.3374169133887
2.29364 0.48 -6.49316779951673
2.31864 0.48 -6.64759907771043
2.34364 0.48 -6.80078727888485
2.36864 0.48 -6.95274148686353
2.39364 0.48 -7.10355710044176
2.41864 0.48 -7.25322084387675
2.44364 0.48 -7.40176535186265
2.46864 0.48 -7.54927996283832
2.49364 0.48 -7.69574384234789
2.51864 0.48 -7.84120098330872
2.54364 0.48 -7.98566427288418
2.56864 0.48 -8.12916526688933
2.59364 0.48 -8.27173630054285
2.61864 0.48 -8.41334864418564
2.64364 0.48 -8.554066584005
2.66864 0.48 -8.69390568734675
2.69364 0.48 -8.83283708406428
2.71864 0.48 -8.97090322374503
2.74364 0.48 -9.10811921579617
2.76864 0.48 -9.24445520892965
2.79364 0.48 -9.37994806314417
2.81864 0.48 -9.51461233804283
2.84364 0.48 -9.64846132378383
2.86864 0.48 -9.78145578121585
2.89364 0.48 -9.91361564809983
2.91864 0.48 -10.0449981105416
2.94364 0.48 -10.1755394936577
2.96864 0.48 -10.3052420390381
2.99364 0.48 -10.4341761546486
3.01864 0.48 -10.5622884705244
3.04364 0.48 -10.6895733450418
3.06864 0.48 -10.8160464810121
3.09364 0.48 -10.9417475752659
3.11864 0.48 -11.0665976063762
3.14364 0.48 -11.1906836133655
3.16864 0.48 -11.3139438679286
3.19364 0.48 -11.4364009487203
3.21864 0.48 -11.5580338267551
3.24364 0.48 -11.6788616045134
3.26864 0.48 -11.7988968233869
3.29364 0.48 -11.9180961482028
3.31864 0.48 -12.0365083146977
3.34364 0.48 -12.1540832302401
3.36864 0.48 -12.2708771383222
3.39364 0.48 -12.3868380777413
3.41864 0.48 -12.5019751647325
3.44364 0.48 -12.6162991157521
3.46864 0.48 -12.7298304917438
3.49364 0.48 -12.8425207396624
3.51864 0.48 -12.9543902174077
3.54364 0.48 -13.0654612562186
3.56864 0.48 -13.1756820708869
3.59364 0.48 -13.2851058042126
3.61864 0.48 -13.3936958284615
3.64364 0.48 -13.5014385869738
3.66864 0.48 -13.6083864098525
3.69364 0.48 -13.7145156766388
3.71864 0.48 -13.8198108288059
3.74364 0.48 -13.9242960553359
3.76864 0.48 -14.0279509161525
3.79364 0.48 -14.130774071132
3.81864 0.48 -14.2327686180752
1.36864 0.49 1.46236308057785
1.39364 0.49 1.09108451336418
1.41864 0.49 0.740875599159029
1.44364 0.49 0.409286306006063
1.46864 0.49 0.0942270204044423
1.49364 0.49 -0.206100834025724
1.51864 0.49 -0.493259273033907
1.54364 0.49 -0.768597102613585
1.56864 0.49 -1.03328801967668
1.59364 0.49 -1.2883709138202
1.61864 0.49 -1.5347478096631
1.64364 0.49 -1.77322562550427
1.66864 0.49 -2.00450460526123
1.69364 0.49 -2.22922093082971
1.71864 0.49 -2.44793216686509
1.74364 0.49 -2.66113844945452
1.76864 0.49 -2.86928779684311
1.79364 0.49 -3.07277742727509
1.81864 0.49 -3.27197396357283
1.84364 0.49 -3.46719931410096
1.86864 0.49 -3.65874410231672
1.89364 0.49 -3.84687640262931
1.91864 0.49 -4.03183602962378
1.94364 0.49 -4.21384015684111
1.96864 0.49 -4.39308554693118
1.99364 0.49 -4.56975240149766
2.01864 0.49 -4.74399961442738
2.04364 0.49 -4.91598312835364
2.06864 0.49 -5.0858276174033
2.09364 0.49 -5.25366389703787
2.11864 0.49 -5.41960595605571
2.14364 0.49 -5.58374885067125
2.16864 0.49 -5.74619265073394
2.19364 0.49 -5.90701999166024
2.21864 0.49 -6.06631061029915
2.24364 0.49 -6.22413470830012
2.26864 0.49 -6.38054921983882
2.29364 0.49 -6.5356357207239
2.31864 0.49 -6.6894230940407
2.34364 0.49 -6.84198699036091
2.36864 0.49 -6.99333857270188
2.39364 0.49 -7.14356979352795
2.41864 0.49 -7.29266351998855
2.44364 0.49 -7.44066238076833
2.46864 0.49 -7.58764619448515
2.49364 0.49 -7.73359144603271
2.51864 0.49 -7.878546839445
2.54364 0.49 -8.02252269636923
2.56864 0.49 -8.16555040181085
2.59364 0.49 -8.30765949459148
2.61864 0.49 -8.44882415182137
2.64364 0.49 -8.58910418940079
2.66864 0.49 -8.72851757934649
2.69364 0.49 -8.86703475636853
2.71864 0.49 -9.00469439674346
2.74364 0.49 -9.14151634935404
2.76864 0.49 -9.27746606836315
2.79364 0.49 -9.41258250964348
2.81864 0.49 -9.54687539844096
2.84364 0.49 -9.68036670734047
2.86864 0.49 -9.81300670876467
2.89364 0.49 -9.94482419180881
2.91864 0.49 -10.0758662572521
2.94364 0.49 -10.2060765595545
2.96864 0.49 -10.3354525763182
2.99364 0.49 -10.4640675890042
3.01864 0.49 -10.5918643809416
3.04364 0.49 -10.7188379790977
3.06864 0.49 -10.845014253454
3.09364 0.49 -10.9704132663056
3.11864 0.49 -11.0949707150818
3.14364 0.49 -11.2187691715841
3.16864 0.49 -11.3417437807954
3.19364 0.49 -11.463924795435
3.21864 0.49 -11.585277908078
3.24364 0.49 -11.7058332969216
3.26864 0.49 -11.8256023427508
3.29364 0.49 -11.9445335769755
3.31864 0.49 -12.0626843585246
3.34364 0.49 -12.1799997088466
3.36864 0.49 -12.2965379682495
3.39364 0.49 -12.4122481242968
3.41864 0.49 -12.52713855296
3.44364 0.49 -12.6412171349266
3.46864 0.49 -12.754497456034
3.49364 0.49 -12.866948410842
3.51864 0.49 -12.9785803929469
3.54364 0.49 -13.0894144223054
3.56864 0.49 -13.1994154098503
3.59364 0.49 -13.3085928551435
3.61864 0.49 -13.4169522933156
3.64364 0.49 -13.5244713803478
3.66864 0.49 -13.6311861485549
3.69364 0.49 -13.7371002359855
3.71864 0.49 -13.8421702622547
3.74364 0.49 -13.9464379226894
3.76864 0.49 -14.0498699970492
3.79364 0.49 -14.1524845220812
3.81864 0.49 -14.2542641296199
1.36864 0.5 1.37529262667955
1.39364 0.5 1.00512348392648
1.41864 0.5 0.656226920111821
1.44364 0.5 0.326101218255841
1.46864 0.5 0.0125957652950274
1.49364 0.5 -0.286111964254522
1.51864 0.5 -0.571615446886943
1.54364 0.5 -0.845280952775814
1.56864 0.5 -1.10830443487115
1.59364 0.5 -1.36173356804018
1.61864 0.5 -1.60647863849
1.64364 0.5 -1.84335248511064
1.66864 0.5 -2.07306785514681
1.69364 0.5 -2.29625674090224
1.71864 0.5 -2.51348220342563
1.74364 0.5 -2.72524505332486
1.76864 0.5 -2.93199400734978
1.79364 0.5 -3.1341333222192
1.81864 0.5 -3.33201749943097
1.84364 0.5 -3.52597552029142
1.86864 0.5 -3.71630176658937
1.89364 0.5 -3.90325486148019
1.91864 0.5 -4.08707695408214
1.94364 0.5 -4.26798244766849
1.96864 0.5 -4.4461688951977
1.99364 0.5 -4.6218114537771
2.01864 0.5 -4.79507729418953
2.04364 0.5 -4.96610695358419
2.06864 0.5 -5.13504085497456
2.09364 0.5 -5.30199354933402
2.11864 0.5 -5.46708284852412
2.14364 0.5 -5.6304068447352
2.16864 0.5 -5.79205922463533
2.19364 0.5 -5.95212061366107
2.21864 0.5 -6.11067218312162
2.24364 0.5 -6.26778403558077
2.26864 0.5 -6.4235156761011
2.29364 0.5 -6.57794341627949
2.31864 0.5 -6.73108847257572
2.34364 0.5 -6.88300100345385
2.36864 0.5 -7.03377733373604
2.39364 0.5 -7.18339689883037
2.41864 0.5 -7.33192573275839
2.44364 0.5 -7.47940488420338
2.46864 0.5 -7.62582906919918
2.49364 0.5 -7.77125977768665
2.51864 0.5 -7.91571109958903
2.54364 0.5 -8.05920424279279
2.56864 0.5 -8.20176017217762
2.59364 0.5 -8.34341083119269
2.61864 0.5 -8.48415878998471
2.64364 0.5 -8.62400171854102
2.66864 0.5 -8.76296338240289
2.69364 0.5 -8.90109548337723
2.71864 0.5 -9.03832781233918
2.74364 0.5 -9.17475447328872
2.76864 0.5 -9.31032306479319
2.79364 0.5 -9.44509228971091
2.81864 0.5 -9.57901745094522
2.84364 0.5 -9.7121218601939
2.86864 0.5 -9.84441250824861
2.89364 0.5 -9.9759156740331
2.91864 0.5 -10.1065937408269
2.94364 0.5 -10.2364738459743
2.96864 0.5 -10.365555243174
2.99364 0.5 -10.493824058168
3.01864 0.5 -10.6213073647357
3.04364 0.5 -10.7479805527559
3.06864 0.5 -10.8738789558841
3.09364 0.5 -10.9989572108882
3.11864 0.5 -11.1232517268564
3.14364 0.5 -11.2467339140494
3.16864 0.5 -11.3694258829877
3.19364 0.5 -11.4913257714021
3.21864 0.5 -11.6124084091798
3.24364 0.5 -11.7327228365878
3.26864 0.5 -11.8521941568971
3.29364 0.5 -11.9708940179355
3.31864 0.5 -12.088755195328
3.34364 0.5 -12.2058441303563
3.36864 0.5 -12.32210090583
3.39364 0.5 -12.4375587462111
3.41864 0.5 -12.5522312003058
3.44364 0.5 -12.6660606484066
3.46864 0.5 -12.779077055865
3.49364 0.5 -12.8912851456875
3.51864 0.5 -13.0027114176186
3.54364 0.5 -13.1132795907834
3.56864 0.5 -13.2230479489757
3.59364 0.5 -13.3319976406321
3.61864 0.5 -13.440127193212
3.64364 0.5 -13.5474563589531
3.66864 0.5 -13.6539472802866
3.69364 0.5 -13.7596242628046
3.71864 0.5 -13.8644867893378
3.74364 0.5 -13.9685030042804
3.76864 0.5 -14.0717211587172
3.79364 0.5 -14.1741211997928
3.81864 0.5 -14.2757301318107
1.36864 0.51 1.28753788263246
1.39364 0.51 0.918545277118796
1.41864 0.51 0.571024127737737
1.44364 0.51 0.242415285094249
1.46864 0.51 -0.069470547081906
1.49364 0.51 -0.366507193698375
1.51864 0.51 -0.650299335517607
1.54364 0.51 -0.92224692149342
1.56864 0.51 -1.18355595016586
1.59364 0.51 -1.43528680764037
1.61864 0.51 -1.6783666334604
1.64364 0.51 -1.91360163403142
1.66864 0.51 -2.14171964015085
1.69364 0.51 -2.36335268322192
1.71864 0.51 -2.57906526089943
1.74364 0.51 -2.78935937133639
1.76864 0.51 -2.99468855460759
1.79364 0.51 -3.19545047269114
1.81864 0.51 -3.39200892759949
1.84364 0.51 -3.58468585572065
1.86864 0.51 -3.77377242189473
1.89364 0.51 -3.95953502487717
1.91864 0.51 -4.14220604912812
1.94364 0.51 -4.3220038043816
1.96864 0.51 -4.49911927542247
1.99364 0.51 -4.67373579667302
2.01864 0.51 -4.84601007031364
2.04364 0.51 -5.01608424482268
2.06864 0.51 -5.18409956719492
2.09364 0.51 -5.35016505143835
2.11864 0.51 -5.51439793712601
2.14364 0.51 -5.67689677663702
2.16864 0.51 -5.83775307821511
2.19364 0.51 -5.9970484862156
2.21864 0.51 -6.1548584645119
2.24364 0.51 -6.31125303949695
2.26864 0.51 -6.46629967220703
2.29364 0.51 -6.62004432214004
2.31864 0.51 -6.77254497024353
2.34364 0.51 -6.92386367746933
2.36864 0.51 -7.07400974136874
2.39364 0.51 -7.22307466774758
2.41864 0.51 -7.37103949785621
2.44364 0.51 -7.51794387278597
2.46864 0.51 -7.66386644957311
2.49364 0.51 -7.8087827139904
2.51864 0.51 -7.9527394887511
2.54364 0.51 -8.09574548531085
2.56864 0.51 -8.23783163684912
2.59364 0.51 -8.37902436585286
2.61864 0.51 -8.51929713699779
2.64364 0.51 -8.65871108760612
2.66864 0.51 -8.79727914534493
2.69364 0.51 -8.93497362080261
2.71864 0.51 -9.07183575680638
2.74364 0.51 -9.20787077963887
2.76864 0.51 -9.34305441512831
2.79364 0.51 -9.47742614765061
2.81864 0.51 -9.6109896525986
2.84364 0.51 -9.74376887589378
2.86864 0.51 -9.87570989582568
2.89364 0.51 -10.0068411397691
2.91864 0.51 -10.1372152921618
2.94364 0.51 -10.2667682788309
2.96864 0.51 -10.3955027154733
2.99364 0.51 -10.5234821323864
3.01864 0.51 -10.6506590251334
3.04364 0.51 -10.7770245046011
3.06864 0.51 -10.9025992421177
3.09364 0.51 -11.0274143178085
3.11864 0.51 -11.1514189126456
3.14364 0.51 -11.2746157922283
3.16864 0.51 -11.3970291791376
3.19364 0.51 -11.5186467556001
3.21864 0.51 -11.6394642367941
3.24364 0.51 -11.7594810947745
3.26864 0.51 -11.8787176774291
3.29364 0.51 -11.9971268842566
3.31864 0.51 -12.1147605537162
3.34364 0.51 -12.2315942844251
3.36864 0.51 -12.347600300743
3.39364 0.51 -12.4628100479123
3.41864 0.51 -12.5772035228445
3.44364 0.51 -12.6907931915238
3.46864 0.51 -12.8035989041393
3.49364 0.51 -12.9155698165005
3.51864 0.51 -13.0267298029191
3.54364 0.51 -13.1370964930726
3.56864 0.51 -13.2466345450372
3.59364 0.51 -13.355353734527
3.61864 0.51 -13.4632592327613
3.64364 0.51 -13.5703328735102
3.66864 0.51 -13.6766018053723
3.69364 0.51 -13.7820678879541
3.71864 0.51 -13.8867024718376
3.74364 0.51 -13.9905375146664
3.76864 0.51 -14.0935385721162
3.79364 0.51 -14.1957260833324
3.81864 0.51 -14.2970826482614
1.36864 0.52 1.19907092226676
1.39364 0.52 0.831313419456021
1.41864 0.52 0.485236205557784
1.44364 0.52 0.15820829692312
1.46864 0.52 -0.152004012572418
1.49364 0.52 -0.447305536917527
1.51864 0.52 -0.729336487429313
1.54364 0.52 -0.999514859493234
1.56864 0.52 -1.25906432918461
1.59364 0.52 -1.50905318078048
1.61864 0.52 -1.75041925909012
1.64364 0.52 -1.98398467787358
1.66864 0.52 -2.21046636659776
1.69364 0.52 -2.43051039110186
1.71864 0.52 -2.64468217364024
1.74364 0.52 -2.85348454504198
1.76864 0.52 -3.05737154175221
1.79364 0.52 -3.25673848666122
1.81864 0.52 -3.45195089364564
1.84364 0.52 -3.64332749487752
1.86864 0.52 -3.83116242427979
1.89364 0.52 -4.015715660249
1.91864 0.52 -4.19722315444203
1.94364 0.52 -4.37590185721396
1.96864 0.52 -4.55194222078862
1.99364 0.52 -4.72552215575866
2.01864 0.52 -4.89679578782471
2.04364 0.52 -5.06590945105393
2.06864 0.52 -5.23299423255178
2.09364 0.52 -5.39816977404324
2.11864 0.52 -5.56154284095074
2.14364 0.52 -5.7232156591365
2.16864 0.52 -5.88327367040752
2.19364 0.52 -6.04179614899923
2.21864 0.52 -6.19887111117085
2.24364 0.52 -6.35455142707458
2.26864 0.52 -6.50890317832283
2.29364 0.52 -6.66199241937429
2.31864 0.52 -6.81384920355803
2.34364 0.52 -6.96454389784213
2.36864 0.52 -7.11408982344455
2.39364 0.52 -7.26254531937018
2.41864 0.52 -7.40994748577095
2.44364 0.52 -7.55633552204658
2.46864 0.52 -7.7017004997828
2.49364 0.52 -7.84613093729619
2.51864 0.52 -7.98956481550644
2.54364 0.52 -8.13211697789679
2.56864 0.52 -8.27373464949201
2.59364 0.52 -8.41444486558658
2.61864 0.52 -8.55430373816447
2.64364 0.52 -8.69328756211763
2.66864 0.52 -8.83143740963999
2.69364 0.52 -8.96872356573013
2.71864 0.52 -9.10518758897528
2.74364 0.52 -9.24080711342932
2.76864 0.52 -9.37564366861157
2.79364 0.52 -9.50964338158455
2.81864 0.52 -9.64284573598189
2.84364 0.52 -9.77524195264744
2.86864 0.52 -9.90686707418685
2.89364 0.52 -10.0376613458385
2.91864 0.52 -10.1676754655374
2.94364 0.52 -10.2969023898009
2.96864 0.52 -10.4253474582972
2.99364 0.52 -10.5529894346142
3.01864 0.52 -10.6798561835822
3.04364 0.52 -10.8059511091372
3.06864 0.52 -10.9312299144812
3.09364 0.52 -11.0557237795439
3.11864 0.52 -11.1794433682985
3.14364 0.52 -11.3023883683049
3.16864 0.52 -11.4245240514013
3.19364 0.52 -11.5458450655023
3.21864 0.52 -11.6664218673296
3.24364 0.52 -11.7861671721318
3.26864 0.52 -11.9051109506781
3.29364 0.52 -12.023292219512
3.31864 0.52 -12.1406699058864
3.34364 0.52 -12.2572221079957
3.36864 0.52 -12.3730083316618
3.39364 0.52 -12.487972031159
3.41864 0.52 -12.6021258764552
3.44364 0.52 -12.7154709827891
3.46864 0.52 -12.8280380176573
3.49364 0.52 -12.9397734581673
3.51864 0.52 -13.0506975170768
3.54364 0.52 -13.1608025979479
3.56864 0.52 -13.2701151028227
3.59364 0.52 -13.3786076895334
3.61864 0.52 -13.486288268041
3.64364 0.52 -13.5931702372168
3.66864 0.52 -13.699219983039
3.69364 0.52 -13.8044660760166
3.71864 0.52 -13.9088845947129
3.74364 0.52 -14.0125036536472
3.76864 0.52 -14.1152912280462
3.79364 0.52 -14.2172692043279
3.81864 0.52 -14.3184163759031
1.36864 0.53 1.10985973003364
1.39364 0.53 0.743399851522442
1.41864 0.53 0.39882434754545
1.44364 0.53 0.0734461790566095
1.46864 0.53 -0.235025892768656
1.49364 0.53 -0.528532568030538
1.51864 0.53 -0.808746379582016
1.54364 0.53 -1.0770963993513
1.56864 0.53 -1.3348366689046
1.59364 0.53 -1.58304058632721
1.61864 0.53 -1.82265328584142
1.64364 0.53 -2.05450222309354
1.66864 0.53 -2.27932045049715
1.69364 0.53 -2.49774330365238
1.71864 0.53 -2.71034288594144
1.74364 0.53 -2.91762751637188
1.76864 0.53 -3.12004335418636
1.79364 0.53 -3.31799557183145
1.81864 0.53 -3.51183849440814
1.84364 0.53 -3.70189935744063
1.86864 0.53 -3.88846528728488
1.89364 0.53 -4.07180076689276
1.91864 0.53 -4.25213350953577
1.94364 0.53 -4.42968239966236
1.96864 0.53 -4.60463692690683
1.99364 0.53 -4.77716537575427
2.01864 0.53 -4.94743330508152
2.04364 0.53 -5.11557695488167
2.06864 0.53 -5.28173343468297
2.09364 0.53 -5.4460122845886
2.11864 0.53 -5.60852143914902
2.14364 0.53 -5.76936278573923
2.16864 0.53 -5.92862141779064
2.19364 0.53 -6.08637596061411
2.21864 0.53 -6.2427034125627
2.24364 0.53 -6.39766422329167
2.26864 0.53 -6.55132862786079
2.29364 0.53 -6.70374684160531
2.31864 0.53 -6.8549599371998
2.34364 0.53 -7.0050350614091
2.36864 0.53 -7.15397984393337
2.39364 0.53 -7.30185348635559
2.41864 0.53 -7.44869268504982
2.44364 0.53 -7.5945331861564
2.46864 0.53 -7.73940333879159
2.49364 0.53 -7.88329677431355
2.51864 0.53 -8.02623482811095
2.54364 0.53 -8.16830621602412
2.56864 0.53 -8.30945871459412
2.59364 0.53 -8.4497158190983
2.61864 0.53 -8.58913452634063
2.64364 0.53 -8.72769034686096
2.66864 0.53 -8.86542332734948
2.69364 0.53 -9.00230358935078
2.71864 0.53 -9.13837319193676
2.74364 0.53 -9.27360855147934
2.76864 0.53 -9.40806897408691
2.79364 0.53 -9.54170219046754
2.81864 0.53 -9.67454700847459
2.84364 0.53 -9.80658867338192
2.86864 0.53 -9.93787455756074
2.89364 0.53 -10.0683334505675
2.91864 0.53 -10.1980199424847
2.94364 0.53 -10.3269257005713
2.96864 0.53 -10.4550524273943
2.99364 0.53 -10.5823856058445
3.01864 0.53 -10.708951877592
3.04364 0.53 -10.8347445081442
3.06864 0.53 -10.9597306289945
3.09364 0.53 -11.0839360332075
3.11864 0.53 -11.2073759168607
3.14364 0.53 -11.3300371521633
3.16864 0.53 -11.4518973225718
3.19364 0.53 -11.5729479757938
3.21864 0.53 -11.6932516960641
3.24364 0.53 -11.8127496609041
3.26864 0.53 -11.9314511591401
3.29364 0.53 -12.0493481112792
3.31864 0.53 -12.1664730638318
3.34364 0.53 -12.2827746313255
3.36864 0.53 -12.3983137219337
3.39364 0.53 -12.513033215585
3.41864 0.53 -12.6269455285915
3.44364 0.53 -12.7400517696781
3.46864 0.53 -12.8523825954656
3.49364 0.53 -12.9638835635164
3.51864 0.53 -13.0745790961533
3.54364 0.53 -13.18445618694
3.56864 0.53 -13.2935353796104
3.59364 0.53 -13.40180403433
3.61864 0.53 -13.5092940454414
3.64364 0.53 -13.6159246795947
3.66864 0.53 -13.7217545669983
3.69364 0.53 -13.8267848178598
3.71864 0.53 -13.9309859881247
3.74364 0.53 -14.0343952904066
3.76864 0.53 -14.1369726329875
3.79364 0.53 -14.2387395182538
3.81864 0.53 -14.3396883151028
1.36864 0.54 1.0198440867609
1.39364 0.54 0.65475004649042
1.41864 0.54 0.311760184203801
1.44364 0.54 -0.0119017773418814
1.46864 0.54 -0.318560942813269
1.49364 0.54 -0.610210527305825
1.51864 0.54 -0.888543141312606
1.54364 0.54 -1.15501741445446
1.56864 0.54 -1.41089161542544
1.59364 0.54 -1.65726209187438
1.61864 0.54 -1.89507635379954
1.64364 0.54 -2.1251743833913
1.66864 0.54 -2.34828480193677
1.69364 0.54 -2.56505380644178
1.71864 0.54 -2.77605270611418
1.74364 0.54 -2.98179247938026
1.76864 0.54 -3.18271496421396
1.79364 0.54 -3.37922497011079
1.81864 0.54 -3.5716838263005
1.84364 0.54 -3.76040814616636
1.86864 0.54 -3.94569174875764
1.89364 0.54 -4.12778751243565
1.91864 0.54 -4.30693444880229
1.94364 0.54 -4.48333916510236
1.96864 0.54 -4.65719426943769
1.99364 0.54 -4.82867201145671
2.01864 0.54 -4.99792326437148
2.04364 0.54 -5.16509457618143
2.06864 0.54 -5.33031060202194
2.09364 0.54 -5.49368661944
2.11864 0.54 -5.65533104034433
2.14364 0.54 -5.81533365955375
2.16864 0.54 -5.97378866378893
2.19364 0.54 -6.13076927993906
2.21864 0.54 -6.28635446860156
2.24364 0.54 -6.44059924560675
2.26864 0.54 -6.59356775217828
2.29364 0.54 -6.74531452087338
2.31864 0.54 -6.89588407172884
2.34364 0.54 -7.04533558959998
2.36864 0.54 -7.19367865440175
2.39364 0.54 -7.34100114860127
2.41864 0.54 -7.48727953310423
2.44364 0.54 -7.63255438683272
2.46864 0.54 -7.77689535588891
2.49364 0.54 -7.92028059421109
2.51864 0.54 -8.06275368145343
2.54364 0.54 -8.20432061120762
2.56864 0.54 -8.34500663510713
2.59364 0.54 -8.48484199938478
2.61864 0.54 -8.62379520684613
2.64364 0.54 -8.76192570599687
2.66864 0.54 -8.89924533381927
2.69364 0.54 -9.03572372750694
2.71864 0.54 -9.17139933947759
2.74364 0.54 -9.30628014656052
2.76864 0.54 -9.44034047595947
2.79364 0.54 -9.5736073218177
2.81864 0.54 -9.70609629127982
2.84364 0.54 -9.83782309458868
2.86864 0.54 -9.96873696718161
2.89364 0.54 -10.0988624177849
2.91864 0.54 -10.2282516929755
2.94364 0.54 -10.3568391689992
2.96864 0.54 -10.4846260352017
2.99364 0.54 -10.6116810393645
3.01864 0.54 -10.7379440998584
3.04364 0.54 -10.863413766736
3.06864 0.54 -10.9881060596445
3.09364 0.54 -11.1120551429821
3.11864 0.54 -11.2352094995214
3.14364 0.54 -11.3575695217963
3.16864 0.54 -11.4791570098141
3.19364 0.54 -11.5999681444887
3.21864 0.54 -11.7199776872217
3.24364 0.54 -11.8392046364451
3.26864 0.54 -11.9576606912174
3.29364 0.54 -12.0753037367686
3.31864 0.54 -12.1921747241722
3.34364 0.54 -12.3082541928202
3.36864 0.54 -12.4235206961012
3.39364 0.54 -12.5379976709634
3.41864 0.54 -12.6516731977471
3.44364 0.54 -12.7645431068319
3.46864 0.54 -12.8766387177205
3.49364 0.54 -12.9879084768008
3.51864 0.54 -13.098373821934
3.54364 0.54 -13.20805309405
3.56864 0.54 -13.3169120780438
3.59364 0.54 -13.4249552071976
3.61864 0.54 -13.5321926116251
3.64364 0.54 -13.6386042277659
3.66864 0.54 -13.7442166644714
3.69364 0.54 -13.8490316568323
3.71864 0.54 -13.953023010569
3.74364 0.54 -14.0562173223795
3.76864 0.54 -14.1585937980924
3.79364 0.54 -14.2601412122112
3.81864 0.54 -14.360878227542
1.36864 0.55 0.928981265678822
1.39364 0.55 0.565334523298068
1.41864 0.55 0.22399974438893
1.44364 0.55 -0.097864798122827
1.46864 0.55 -0.402647034059177
1.49364 0.55 -0.692368652970002
1.51864 0.55 -0.968757132098659
1.54364 0.55 -1.23329109770344
1.56864 0.55 -1.48724882902662
1.59364 0.55 -1.73173068819347
1.61864 0.55 -1.96770440412327
1.64364 0.55 -2.19600494130775
1.66864 0.55 -2.4173724513508
1.69364 0.55 -2.632453107722
1.71864 0.55 -2.84182026663363
1.74364 0.55 -3.04598218608938
1.76864 0.55 -3.24538540711143
1.79364 0.55 -3.44043207529244
1.81864 0.55 -3.63148237950448
1.84364 0.55 -3.81885315132908
1.86864 0.55 -4.00283345473852
1.89364 0.55 -4.18367929847289
1.91864 0.55 -4.36162594785107
1.94364 0.55 -4.53687448131545
1.96864 0.55 -4.70962314892548
1.99364 0.55 -4.88003548280642
2.01864 0.55 -5.04826331661702
2.04364 0.55 -5.21445251881802
2.06864 0.55 -5.378722562681
2.09364 0.55 -5.54119260325425
2.11864 0.55 -5.70196729833323
2.14364 0.55 -5.86113064703078
2.16864 0.55 -6.01877847079824
2.19364 0.55 -6.17498442708424
2.21864 0.55 -6.329820337184
2.24364 0.55 -6.48334647594694
2.26864 0.55 -6.63562299107047
2.29364 0.55 -6.78671281519712
2.31864 0.55 -6.93663792508304
2.34364 0.55 -7.08544169120912
2.36864 0.55 -7.23321292779269
2.39364 0.55 -7.3799278958172
2.41864 0.55 -7.52564525840396
2.44364 0.55 -7.67040673934565
2.46864 0.55 -7.81419739310739
2.49364 0.55 -7.95707523013233
2.51864 0.55 -8.09905645081629
2.54364 0.55 -8.24017516778794
2.56864 0.55 -8.38040057832865
2.59364 0.55 -8.51975965941229
2.61864 0.55 -8.65830806754602
2.64364 0.55 -8.79601422939462
2.66864 0.55 -8.93289388056166
2.69364 0.55 -9.06900079268545
2.71864 0.55 -9.20428745393594
2.74364 0.55 -9.33875796706605
2.76864 0.55 -9.47247364146744
2.79364 0.55 -9.60538127681369
2.81864 0.55 -9.73751752082358
2.84364 0.55 -9.86887085699745
2.86864 0.55 -9.99944747312501
2.89364 0.55 -10.1292722686974
2.91864 0.55 -10.2583076790618
2.94364 0.55 -10.3865809835905
2.96864 0.55 -10.5140846631589
2.99364 0.55 -10.6408066447159
3.01864 0.55 -10.7667715017102
3.04364 0.55 -10.8919755072655
3.06864 0.55 -11.0163818058814
3.09364 0.55 -11.1400179603787
3.11864 0.55 -11.262893590157
3.14364 0.55 -11.3849786734476
3.16864 0.55 -11.5062959538197
3.19364 0.55 -11.6268401826291
3.21864 0.55 -11.7466171603173
3.24364 0.55 -11.8655853795707
3.26864 0.55 -11.9837564961338
3.29364 0.55 -12.1011749271339
3.31864 0.55 -12.2177995298192
3.34364 0.55 -12.3336079840953
3.36864 0.55 -12.448629736364
3.39364 0.55 -12.5628622680745
3.41864 0.55 -12.676331582155
3.44364 0.55 -12.7889689939221
3.46864 0.55 -12.9008017872114
3.49364 0.55 -13.0118686016633
3.51864 0.55 -13.1221081822874
3.54364 0.55 -13.2315368640286
3.56864 0.55 -13.3401659245195
3.59364 0.55 -13.4479899676656
3.61864 0.55 -13.5550081535504
3.64364 0.55 -13.6612323434259
3.66864 0.55 -13.7666315203088
3.69364 0.55 -13.8712321657216
3.71864 0.55 -13.9750110975399
3.74364 0.55 -14.0779924915807
3.76864 0.55 -14.1801548868382
3.79364 0.55 -14.2814769434855
3.81864 0.55 -14.3820349868504
1.36864 0.56 0.837223044982931
1.39364 0.56 0.475111468081288
1.41864 0.56 0.135510284700551
1.44364 0.56 -0.184480402385515
1.46864 0.56 -0.487308688615589
1.49364 0.56 -0.775031288480966
1.51864 0.56 -1.04940973778539
1.54364 0.56 -1.3119431563006
1.56864 0.56 -1.56392368769725
1.59364 0.56 -1.80646682310472
1.61864 0.56 -2.04054929225198
1.64364 0.56 -2.26701390260834
1.66864 0.56 -2.4865931227697
1.69364 0.56 -2.69994772101518
1.71864 0.56 -2.90764829247526
1.74364 0.56 -3.11020020160297
1.76864 0.56 -3.30805789388883
1.79364 0.56 -3.50161945874481
1.81864 0.56 -3.69123710434281
1.84364 0.56 -3.87723702906346
1.86864 0.56 -4.0598967289095
1.89364 0.56 -4.2394750734498
1.91864 0.56 -4.41620486802995
1.94364 0.56 -4.59029174431398
1.96864 0.56 -4.76191706247908
1.99364 0.56 -4.93125244234808
2.01864 0.56 -5.09845289743784
2.04364 0.56 -5.26364915195966
2.06864 0.56 -5.42697309577187
2.09364 0.56 -5.588529519672
2.11864 0.56 -5.74842329103504
2.14364 0.56 -5.90674850557737
2.16864 0.56 -6.06358823355691
2.19364 0.56 -6.2190138142809
2.21864 0.56 -6.3731015257642
2.24364 0.56 -6.5259081934247
2.26864 0.56 -6.67748985074068
2.29364 0.56 -6.82789470633046
2.31864 0.56 -6.97717570939049
2.34364 0.56 -7.12538638081165
2.36864 0.56 -7.27253088336209
2.39364 0.56 -7.41869385963878
2.41864 0.56 -7.56385510985974
2.44364 0.56 -7.70804621252757
2.46864 0.56 -7.85134372832952
2.49364 0.56 -7.99371668986666
2.51864 0.56 -8.13520872542118
2.54364 0.56 -8.27582467862995
2.56864 0.56 -8.41559000880133
2.59364 0.56 -8.55453269852781
2.61864 0.56 -8.69261780497127
2.64364 0.56 -8.8299331286231
2.66864 0.56 -8.96640473665229
2.69364 0.56 -9.10208320631775
2.71864 0.56 -9.23698444493859
2.74364 0.56 -9.37110669320166
2.76864 0.56 -9.5044273259982
2.79364 0.56 -9.63697821635027
2.81864 0.56 -9.76878948920807
2.84364 0.56 -9.8998025301839
2.86864 0.56 -10.0300435004936
2.89364 0.56 -10.1595403842079
2.91864 0.56 -10.2882559653149
2.94364 0.56 -10.4162155120813
2.96864 0.56 -10.5434120586386
2.99364 0.56 -10.6698306386847
3.01864 0.56 -10.7955002872104
3.04364 0.56 -10.9203844501202
3.06864 0.56 -11.0445345964408
3.09364 0.56 -11.1678882391034
3.11864 0.56 -11.2904897004793
3.14364 0.56 -11.4123025603834
3.16864 0.56 -11.5333522632973
3.19364 0.56 -11.6536334781737
3.21864 0.56 -11.7731206776842
3.24364 0.56 -11.8918325251009
3.26864 0.56 -12.0097814057679
3.29364 0.56 -12.1269118003293
3.31864 0.56 -12.2432980052989
3.34364 0.56 -12.3588920806921
3.36864 0.56 -12.4736741522171
3.39364 0.56 -12.5876724626135
3.41864 0.56 -12.7008727132164
3.44364 0.56 -12.8133051967377
3.46864 0.56 -12.9249089325198
3.49364 0.56 -13.0357187901646
3.51864 0.56 -13.1457310488638
3.54364 0.56 -13.2549638721297
3.56864 0.56 -13.3633754138473
3.59364 0.56 -13.4709795988988
3.61864 0.56 -13.5777804579139
3.64364 0.56 -13.6837912906699
3.66864 0.56 -13.7889748249906
3.69364 0.56 -13.8933336738257
3.71864 0.56 -13.9969024009438
3.74364 0.56 -14.0996779877095
3.76864 0.56 -14.2016314066592
3.79364 0.56 -14.3027685252697
3.81864 0.56 -14.4031030313013
1.36864 0.57 0.744517714373527
1.39364 0.57 0.38402145671055
1.41864 0.57 0.0462453010721122
1.44364 0.57 -0.271787847946541
1.46864 0.57 -0.572577350190855
1.49364 0.57 -0.858227550995561
1.51864 0.57 -1.13052503587598
1.54364 0.57 -1.39099100579517
1.56864 0.57 -1.64093505695801
1.59364 0.57 -1.88148877882393
1.61864 0.57 -2.11362472739235
1.64364 0.57 -2.33820123671093
1.66864 0.57 -2.55595530753631
1.69364 0.57 -2.76754502518328
1.71864 0.57 -2.97354438048392
1.74364 0.57 -3.17446045001265
1.76864 0.57 -3.37074416127759
1.79364 0.57 -3.56278934053401
1.81864 0.57 -3.7509559382049
1.84364 0.57 -3.93555792356946
1.86864 0.57 -4.11687896627461
1.89364 0.57 -4.29517953562194
1.91864 0.57 -4.47067574757837
1.94364 0.57 -4.64357983723973
1.96864 0.57 -4.81407776767383
1.99364 0.57 -4.98233011472524
2.01864 0.57 -5.14848753684377
2.04364 0.57 -5.31268996117806
2.06864 0.57 -5.47505329519176
2.09364 0.57 -5.63569164322962
2.11864 0.57 -5.79470490611195
2.14364 0.57 -5.95218385927163
2.16864 0.57 -6.10821032206496
2.19364 0.57 -6.26285612393265
2.21864 0.57 -6.41619273450877
2.24364 0.57 -6.56827681070251
2.26864 0.57 -6.71916417664538
2.29364 0.57 -6.86890536786827
2.31864 0.57 -7.01754550797579
2.34364 0.57 -7.16513622801454
2.36864 0.57 -7.31168135506156
2.39364 0.57 -7.45724148646099
2.41864 0.57 -7.60187073455499
2.44364 0.57 -7.74552435975085
2.46864 0.57 -7.88830042742427
2.49364 0.57 -8.0301731408852
2.51864 0.57 -8.17117456982284
2.54364 0.57 -8.31131906831611
2.56864 0.57 -8.45062818610431
2.59364 0.57 -8.58909806001394
2.61864 0.57 -8.72678020055357
2.64364 0.57 -8.86365050623949
2.66864 0.57 -8.9997436084273
2.69364 0.57 -9.13502797102753
2.71864 0.57 -9.26954316260786
2.74364 0.57 -9.40326320767966
2.76864 0.57 -9.53624768345563
2.79364 0.57 -9.66844004258395
2.81864 0.57 -9.79987432260566
2.84364 0.57 -9.93054707783916
2.86864 0.57 -10.0604886108918
2.89364 0.57 -10.189631013807
2.91864 0.57 -10.3180318106581
2.94364 0.57 -10.4456779369426
2.96864 0.57 -10.5725703296491
2.99364 0.57 -10.6987196796066
3.01864 0.57 -10.8240721405199
3.04364 0.57 -10.9486942963463
3.06864 0.57 -11.0725291606995
3.09364 0.57 -11.1956372649681
3.11864 0.57 -11.317932368653
3.14364 0.57 -11.4395065180269
3.16864 0.57 -11.5602945770821
3.19364 0.57 -11.6802830498666
3.21864 0.57 -11.7995410183876
3.24364 0.57 -11.9179989943945
3.26864 0.57 -12.0356937341071
3.29364 0.57 -12.1525882536104
3.31864 0.57 -12.2687221377071
3.34364 0.57 -12.3840458950351
3.36864 0.57 -12.4986184961457
3.39364 0.57 -12.6123826883106
3.41864 0.57 -12.7253495783747
3.44364 0.57 -12.8375192896936
3.46864 0.57 -12.9489274824702
3.49364 0.57 -13.059511898663
3.51864 0.57 -13.1693003550187
3.54364 0.57 -13.2782818000351
3.56864 0.57 -13.3864728398673
3.59364 0.57 -13.4938945748244
3.61864 0.57 -13.6004746772344
3.64364 0.57 -13.7062400132915
3.66864 0.57 -13.8112135983839
3.69364 0.57 -13.915397535999
3.71864 0.57 -14.0187526389525
3.74364 0.57 -14.1213216467388
3.76864 0.57 -14.2230700424225
3.79364 0.57 -14.3240133335909
3.81864 0.57 -14.4241362956141
1.36864 0.58 0.65080877696829
1.39364 0.58 0.29201877930212
1.41864 0.58 -0.0438388134777914
1.44364 0.58 -0.359827104390382
1.46864 0.58 -0.658494710523521
1.49364 0.58 -0.941989492549473
1.51864 0.58 -1.21212881385909
1.54364 0.58 -1.4704568622762
1.56864 0.58 -1.71830472135563
1.59364 0.58 -1.95680349515487
1.61864 0.58 -2.1869456176228
1.64364 0.58 -2.40958635832281
1.66864 0.58 -2.62547020467893
1.69364 0.58 -2.83525505969309
1.71864 0.58 -3.03951882977084
1.74364 0.58 -3.23876535641971
1.76864 0.58 -3.43343962133098
1.79364 0.58 -3.62394590288159
1.81864 0.58 -3.81063538095104
1.84364 0.58 -3.99382167124601
1.86864 0.58 -4.17378691672557
1.89364 0.58 -4.35078282978978
1.91864 0.58 -4.52503527151564
1.94364 0.58 -4.69674745956799
1.96864 0.58 -4.86610064597529
1.99364 0.58 -5.03325919839493
2.01864 0.58 -5.1983673794137
2.04364 0.58 -5.36156581730871
2.06864 0.58 -5.52296407580562
2.09364 0.58 -5.68267942987975
2.11864 0.58 -5.84080870843635
2.14364 0.58 -5.99743454697537
2.16864 0.58 -6.15264438981933
2.19364 0.58 -6.30650706849166
2.21864 0.58 -6.45909071351874
2.24364 0.58 -6.61045169559193
2.26864 0.58 -6.76064322806316
2.29364 0.58 -6.90971562860218
2.31864 0.58 -7.05772561874469
2.34364 0.58 -7.20466666494982
2.36864 0.58 -7.35064250536818
2.39364 0.58 -7.49562492854922
2.41864 0.58 -7.63967117474961
2.44364 0.58 -7.78281561510193
2.46864 0.58 -7.92504343136947
2.49364 0.58 -8.06641306955339
2.51864 0.58 -8.20693250819199
2.54364 0.58 -8.34660538626035
2.56864 0.58 -8.48546017740153
2.59364 0.58 -8.62351797165733
2.61864 0.58 -8.76077295313393
2.64364 0.58 -8.89722625472785
2.66864 0.58 -9.03288685711461
2.69364 0.58 -9.16778046306001
2.71864 0.58 -9.3019133388093
2.74364 0.58 -9.4352905112518
2.76864 0.58 -9.567882927365
2.79364 0.58 -9.6997520396022
2.81864 0.58 -9.83084500344668
2.84364 0.58 -9.96118130025351
2.86864 0.58 -10.0907631633727
2.89364 0.58 -10.2196136477483
2.91864 0.58 -10.3476979923406
2.94364 0.58 -10.4750361031194
2.96864 0.58 -10.6016269486956
2.99364 0.58 -10.7274513184259
3.01864 0.58 -10.852536942609
3.04364 0.58 -10.9768486123309
3.06864 0.58 -11.1004351716254
3.09364 0.58 -11.2232361152268
3.11864 0.58 -11.345291929358
3.14364 0.58 -11.4665694594118
3.16864 0.58 -11.5870913463956
3.19364 0.58 -11.7068528024182
3.21864 0.58 -11.8258269885847
3.24364 0.58 -11.9440627016798
3.26864 0.58 -12.0614848298937
3.29364 0.58 -12.1781597684907
3.31864 0.58 -12.2940225891413
3.34364 0.58 -12.4091362228907
3.36864 0.58 -12.5234435616973
3.39364 0.58 -12.6369760149681
3.41864 0.58 -12.7497397057836
3.44364 0.58 -12.8616833675054
3.46864 0.58 -12.9728316986682
3.49364 0.58 -13.0831952899606
3.51864 0.58 -13.1927910318556
3.54364 0.58 -13.3015492075256
3.56864 0.58 -13.4095259393779
3.59364 0.58 -13.5166978318878
3.61864 0.58 -13.6230695051984
3.64364 0.58 -13.7286510184543
3.66864 0.58 -13.8334190175568
3.69364 0.58 -13.9373869298017
3.71864 0.58 -14.0405404879576
3.74364 0.58 -14.1428745764238
3.76864 0.58 -14.2444195529772
3.79364 0.58 -14.3451612714116
3.81864 0.58 -14.4451136238852
1.36864 0.59 0.556034823001262
1.39364 0.59 0.199050050408594
1.41864 0.59 -0.134791632319021
1.44364 0.59 -0.448635382488363
1.46864 0.59 -0.745095414994914
1.49364 0.59 -1.02634877193419
1.51864 0.59 -1.29425368196621
1.54364 0.59 -1.550374556864
1.56864 0.59 -1.79605254423039
1.59364 0.59 -2.03243929751219
1.61864 0.59 -2.26052936728327
1.64364 0.59 -2.48118119646373
1.66864 0.59 -2.69514914144269
1.69364 0.59 -2.90308885481606
1.71864 0.59 -3.10557463660575
1.74364 0.59 -3.30311682256399
1.76864 0.59 -3.4961570868118
1.79364 0.59 -3.68509372059034
1.81864 0.59 -3.87028076263929
1.84364 0.59 -4.05202845847914
1.86864 0.59 -4.23061629812405
1.89364 0.59 -4.40629448668903
1.91864 0.59 -4.57928560252056
1.94364 0.59 -4.74979037638989
1.96864 0.59 -4.91798865570502
1.99364 0.59 -5.08404037645707
2.01864 0.59 -5.24809157478329
2.04364 0.59 -5.41027456647625
2.06864 0.59 -5.57070447765707
2.09364 0.59 -5.72949019219542
2.11864 0.59 -5.88672729237184
2.14364 0.59 -6.04249853635847
2.16864 0.59 -6.19689147122376
2.19364 0.59 -6.34996511533272
2.21864 0.59 -6.50179351650363
2.24364 0.59 -6.65242807603444
2.26864 0.59 -6.80192555694527
2.29364 0.59 -6.95032762637264
2.31864 0.59 -7.09767526188436
2.34364 0.59 -7.24402455722909
2.36864 0.59 -7.38937534827578
2.39364 0.59 -7.53381095710349
2.41864 0.59 -7.67730150300499
2.44364 0.59 -7.81988263200055
2.46864 0.59 -7.96162173685483
2.49364 0.59 -8.10249044297618
2.51864 0.59 -8.24252693017415
2.54364 0.59 -8.38173381790219
2.56864 0.59 -8.5201353988329
2.59364 0.59 -8.65775352611275
2.61864 0.59 -8.79455636347359
2.64364 0.59 -8.93059601514677
2.66864 0.59 -9.06588523877182
2.69364 0.59 -9.20038755748312
2.71864 0.59 -9.33414153387413
2.74364 0.59 -9.4671499104281
2.76864 0.59 -9.59938330270186
2.79364 0.59 -9.73087352773308
2.81864 0.59 -9.86162494503474
2.84364 0.59 -9.99165772582776
2.86864 0.59 -10.1209110139387
2.89364 0.59 -10.2494162919193
2.91864 0.59 -10.3772167800241
2.94364 0.59 -10.5042515436229
2.96864 0.59 -10.6305151336031
2.99364 0.59 -10.7560720163626
3.01864 0.59 -10.8808705704558
3.04364 0.59 -11.0049001664991
3.06864 0.59 -11.1281805354018
3.09364 0.59 -11.25073858888
3.11864 0.59 -11.3724965146762
3.14364 0.59 -11.4935390626336
3.16864 0.59 -11.6138005791171
3.19364 0.59 -11.7333053146953
3.21864 0.59 -11.8520292051873
3.24364 0.59 -11.9699869311019
3.26864 0.59 -12.0871912126832
3.29364 0.59 -12.2035953820238
3.31864 0.59 -12.3192479098952
3.34364 0.59 -12.4340965023404
3.36864 0.59 -12.5481988327114
3.39364 0.59 -12.6614972888787
3.41864 0.59 -12.7740058113166
3.44364 0.59 -12.8857231631469
3.46864 0.59 -12.9966786848735
3.49364 0.59 -13.1068192644154
3.51864 0.59 -13.2161660697127
3.54364 0.59 -13.3247376306977
3.56864 0.59 -13.43249827669
3.59364 0.59 -13.5394567685636
3.61864 0.59 -13.6456166718887
3.64364 0.59 -13.7509591231289
3.66864 0.59 -13.8555145186966
3.69364 0.59 -13.9592784737394
3.71864 0.59 -14.0622270325255
3.74364 0.59 -14.1643868369955
3.76864 0.59 -14.2657309935978
3.79364 0.59 -14.3662669650813
3.81864 0.59 -14.4659979758829
1.36864 0.6 0.460124425401874
1.39364 0.6 0.105062253782041
1.41864 0.6 -0.226664650102097
1.44364 0.6 -0.538261932846276
1.46864 0.6 -0.832413419320002
1.49364 0.6 -1.11134346007584
1.51864 0.6 -1.37692717715369
1.54364 0.6 -1.63076328934035
1.56864 0.6 -1.87420344887307
1.59364 0.6 -2.10841152554309
1.61864 0.6 -2.33438885598155
1.64364 0.6 -2.55300359529194
1.66864 0.6 -2.76500393770247
1.69364 0.6 -2.97105521584852
1.71864 0.6 -3.17172423970792
1.74364 0.6 -3.36752123270928
1.76864 0.6 -3.5588968144303
1.79364 0.6 -3.74623641655133
1.81864 0.6 -3.92989564295658
1.84364 0.6 -4.11018130952839
1.86864 0.6 -4.28737265381935
1.89364 0.6 -4.46171168784334
1.91864 0.6 -4.63342389070024
1.94364 0.6 -4.8027092404055
1.96864 0.6 -4.96973977689492
1.99364 0.6 -5.13467226194388
2.01864 0.6 -5.29765624337639
2.04364 0.6 -5.45881673125878
2.06864 0.6 -5.61826832268826
2.09364 0.6 -5.77611765975422
2.11864 0.6 -5.93245677845777
2.14364 0.6 -6.08737111759261
2.16864 0.6 -6.24093827716587
2.19364 0.6 -6.39322538862438
2.21864 0.6 -6.54429574690696
2.24364 0.6 -6.6942064366965
2.26864 0.6 -6.8430034027719
2.29364 0.6 -6.99073579017242
2.31864 0.6 -7.13745237536961
2.34364 0.6 -7.28315346391368
2.36864 0.6 -7.42793424952372
2.39364 0.6 -7.5717663948658
2.41864 0.6 -7.71470377031154
2.44364 0.6 -7.85677814220034
2.46864 0.6 -7.99797566645282
2.49364 0.6 -8.13834610890215
2.51864 0.6 -8.27790106163229
2.54364 0.6 -8.41667063471982
2.56864 0.6 -8.55462157714477
2.59364 0.6 -8.69177599923969
2.61864 0.6 -8.82818376063729
2.64364 0.6 -8.96381158570726
2.66864 0.6 -9.09867587609105
2.69364 0.6 -9.23282007486285
2.71864 0.6 -9.36619841490373
2.74364 0.6 -9.4988123595559
2.76864 0.6 -9.63071894387143
2.79364 0.6 -9.76186119656994
2.81864 0.6 -9.89227391514985
2.84364 0.6 -10.02194521858
2.86864 0.6 -10.1508784592501
2.89364 0.6 -10.279095660004
2.91864 0.6 -10.4065596474449
2.94364 0.6 -10.533290977558
2.96864 0.6 -10.6592848280727
2.99364 0.6 -10.7845270499826
3.01864 0.6 -10.9090408160214
3.04364 0.6 -11.0328162693455
3.06864 0.6 -11.1558251216381
3.09364 0.6 -11.2780834540218
3.11864 0.6 -11.3996057920461
3.14364 0.6 -11.5203584336295
3.16864 0.6 -11.6403635037798
3.19364 0.6 -11.7596156092729
3.21864 0.6 -11.8781182729881
3.24364 0.6 -11.995829014562
3.26864 0.6 -12.1127601157726
3.29364 0.6 -12.2289546215395
3.31864 0.6 -12.3443704528382
3.34364 0.6 -12.4589820860367
3.36864 0.6 -12.5728257804986
3.39364 0.6 -12.6858980362213
3.41864 0.6 -12.7982076844084
3.44364 0.6 -12.9097005921242
3.46864 0.6 -13.0204054944031
3.49364 0.6 -13.1303559932942
3.51864 0.6 -13.2394857772285
3.54364 0.6 -13.3478117480888
3.56864 0.6 -13.4553574621556
3.59364 0.6 -13.5621037104682
3.61864 0.6 -13.6680452363325
3.64364 0.6 -13.7732200917196
3.66864 0.6 -13.8775691637336
3.69364 0.6 -13.9811283485615
3.71864 0.6 -14.0838749032391
3.74364 0.6 -14.1858329730158
3.76864 0.6 -14.2869761963171
3.79364 0.6 -14.3872891053419
3.81864 0.6 -14.4868456195676
1.36864 0.61 0.363020250698628
1.39364 0.61 0.00998256434836693
1.41864 0.61 -0.319509439389869
1.44364 0.61 -0.628759750547871
1.46864 0.61 -0.920500658028992
1.49364 0.61 -1.19700509836263
1.51864 0.61 -1.46018319033763
1.54364 0.61 -1.71164789868227
1.56864 0.61 -1.95278018419705
1.59364 0.61 -2.184741529603
1.61864 0.61 -2.40854552914756
1.64364 0.61 -2.62506114943578
1.66864 0.61 -2.83504799593922
1.69364 0.61 -3.03916039688449
1.71864 0.61 -3.23797421969578
1.74364 0.61 -3.43199311979301
1.76864 0.61 -3.6216631076571
1.79364 0.61 -3.80737708822639
1.81864 0.61 -3.98947820280119
1.84364 0.61 -4.16827784219754
1.86864 0.61 -4.34405119104261
1.89364 0.61 -4.51703643070639
1.91864 0.61 -4.68745469486656
1.94364 0.61 -4.85550060785131
1.96864 0.61 -5.02134963894898
1.99364 0.61 -5.18515367263575
2.01864 0.61 -5.34705970317259
2.04364 0.61 -5.50718801135273
2.06864 0.61 -5.66565519157223
2.09364 0.61 -5.82256229202949
2.11864 0.61 -5.97799858697974
2.14364 0.61 -6.1320489480552
2.16864 0.61 -6.28479073851023
2.19364 0.61 -6.43628538718084
2.21864 0.61 -6.58659732586459
2.24364 0.61 -6.73577469125097
2.26864 0.61 -6.88387250438226
2.29364 0.61 -7.03093814313356
2.31864 0.61 -7.17700280139335
2.34364 0.61 -7.32211229196587
2.36864 0.61 -7.46627142262367
2.39364 0.61 -7.60952908479735
2.41864 0.61 -7.75191387916681
2.44364 0.61 -7.89345568004276
2.46864 0.61 -8.03416394950572
2.49364 0.61 -8.17404069537599
2.51864 0.61 -8.31311797557719
2.54364 0.61 -8.4513955583535
2.56864 0.61 -8.58890026641653
2.59364 0.61 -8.72562076347585
2.61864 0.61 -8.86160656278702
2.64364 0.61 -8.99682497387258
2.66864 0.61 -9.13132689695821
2.69364 0.61 -9.26505877476807
2.71864 0.61 -9.39806072544644
2.74364 0.61 -9.530315091559
2.76864 0.61 -9.66186808609215
2.79364 0.61 -9.79266494437912
2.81864 0.61 -9.92274332673937
2.84364 0.61 -10.0520872162343
2.86864 0.61 -10.1807289032661
2.89364 0.61 -10.3086069860653
2.91864 0.61 -10.4357655333532
2.94364 0.61 -10.5621953957632
2.96864 0.61 -10.6878968252212
2.99364 0.61 -10.8128536178747
3.01864 0.61 -10.9370820555715
3.04364 0.61 -11.0605858357137
3.06864 0.61 -11.1833201565164
3.09364 0.61 -11.3053126162948
3.11864 0.61 -11.4265717369735
3.14364 0.61 -11.5470973848316
3.16864 0.61 -11.6668455878174
3.19364 0.61 -11.7858181053948
3.21864 0.61 -11.9040730105264
3.24364 0.61 -12.0215409031385
3.26864 0.61 -12.1382618569177
3.29364 0.61 -12.254187103613
3.31864 0.61 -12.3693722968336
3.34364 0.61 -12.4837530579078
3.36864 0.61 -12.5973951172652
3.39364 0.61 -12.7102391300496
3.41864 0.61 -12.8222971736723
3.44364 0.61 -12.9335727276374
3.46864 0.61 -13.0440834683378
3.49364 0.61 -13.1537864159934
3.51864 0.61 -13.2627015664755
3.54364 0.61 -13.370813625003
3.56864 0.61 -13.4781490059103
3.59364 0.61 -13.5846854478672
3.61864 0.61 -13.6904568123135
3.64364 0.61 -13.7953868783268
3.66864 0.61 -13.8995285761591
3.69364 0.61 -14.0028875796504
3.71864 0.61 -14.1054319359971
3.74364 0.61 -14.2071912212819
3.76864 0.61 -14.3081386326216
3.79364 0.61 -14.4082817827291
3.81864 0.61 -14.5076131283236
1.36864 0.62 0.26464062193161
1.39364 0.62 -0.0862501308537572
1.41864 0.62 -0.413389025187224
1.44364 0.62 -0.720175007616067
1.46864 0.62 -1.00939396649298
1.49364 0.62 -1.28337165456262
1.51864 0.62 -1.54405287866877
1.54364 0.62 -1.79306798472178
1.56864 0.62 -2.0318007860846
1.59364 0.62 -2.26145227092003
1.61864 0.62 -2.48301659660673
1.64364 0.62 -2.69737764688829
1.66864 0.62 -2.90529427404776
1.69364 0.62 -3.10741831510453
1.71864 0.62 -3.30433129850476
1.74364 0.62 -3.49653492508272
1.76864 0.62 -3.68446750984814
1.79364 0.62 -3.86852132356557
1.81864 0.62 -4.04903966408356
1.84364 0.62 -4.22632754755083
1.86864 0.62 -4.40065473458164
1.89364 0.62 -4.57226508551051
1.91864 0.62 -4.74137054366981
1.94364 0.62 -4.90816438289706
1.96864 0.62 -5.07281752541023
1.99364 0.62 -5.23548353127729
2.01864 0.62 -5.39629562179104
2.04364 0.62 -5.55538796229873
2.06864 0.62 -5.71285931701741
2.09364 0.62 -5.86881592518853
2.11864 0.62 -6.02334741353269
2.14364 0.62 -6.17653120296086
2.16864 0.62 -6.32843853825965
2.19364 0.62 -6.47914037413105
2.21864 0.62 -6.6286881918206
2.24364 0.62 -6.77713939710401
2.26864 0.62 -6.9245412419395
2.29364 0.62 -7.07093013216002
2.31864 0.62 -7.21634414006518
2.34364 0.62 -7.3608349830943
2.36864 0.62 -7.50439775365349
2.39364 0.62 -7.64708420354389
2.41864 0.62 -7.78894470829903
2.44364 0.62 -7.9299280915039
2.46864 0.62 -8.07012702350987
2.49364 0.62 -8.20950566202458
2.51864 0.62 -8.34810846053642
2.54364 0.62 -8.4859259190618
2.56864 0.62 -8.62298409460203
2.59364 0.62 -8.75930162840828
2.61864 0.62 -8.89484306639403
2.64364 0.62 -9.0296623551433
2.66864 0.62 -9.16376579726501
2.69364 0.62 -9.29711684255831
2.71864 0.62 -9.42975471566593
2.74364 0.62 -9.56164336601177
2.76864 0.62 -9.69284622585438
2.79364 0.62 -9.82330330649377
2.81864 0.62 -9.9530480607151
2.84364 0.62 -10.0820678051666
2.86864 0.62 -10.2103938215925
2.89364 0.62 -10.337959980501
2.91864 0.62 -10.4648158938219
2.94364 0.62 -10.5909514892852
2.96864 0.62 -10.7163626116648
2.99364 0.62 -10.8410626866584
3.01864 0.62 -10.9649874873901
3.04364 0.62 -11.0882159574871
3.06864 0.62 -11.210682242181
3.09364 0.62 -11.3324398993606
3.11864 0.62 -11.4534076005306
3.14364 0.62 -11.5736774229912
3.16864 0.62 -11.693177060294
3.19364 0.62 -11.8119014973607
3.21864 0.62 -11.9299126762348
3.24364 0.62 -12.0471391875633
3.26864 0.62 -12.1636234956662
3.29364 0.62 -12.2793147698044
3.31864 0.62 -12.3942647389655
3.34364 0.62 -12.5084184360129
3.36864 0.62 -12.621833636268
3.39364 0.62 -12.7344545663786
3.41864 0.62 -12.84628955044
3.44364 0.62 -12.9573419751167
3.46864 0.62 -13.0676369396208
3.49364 0.62 -13.1771277682869
3.51864 0.62 -13.2858291915016
3.54364 0.62 -13.3937610376143
3.56864 0.62 -13.5008565261298
3.59364 0.62 -13.6072154174371
3.61864 0.62 -13.7127522732503
3.64364 0.62 -13.8174771413028
3.66864 0.62 -13.9214199990434
3.69364 0.62 -14.0245744397799
3.71864 0.62 -14.1269191749751
3.74364 0.62 -14.2284804218229
3.76864 0.62 -14.3292277009365
3.79364 0.62 -14.4291795573304
3.81864 0.62 -14.5283166924548
1.36864 0.63 0.164906785083596
1.39364 0.63 -0.183705137904353
1.41864 0.63 -0.508365782095457
1.44364 0.63 -0.812563647553594
1.46864 0.63 -1.09915121370576
1.49364 0.63 -1.37049668322583
1.51864 0.63 -1.62857471920147
1.54364 0.63 -1.87504773254048
1.56864 0.63 -2.11130962564161
1.59364 0.63 -2.33856130088335
1.61864 0.63 -2.55781931256767
1.64364 0.63 -2.76996498880497
1.66864 0.63 -2.97575403195931
1.69364 0.63 -3.17584519072446
1.71864 0.63 -3.3708086415551
1.74364 0.63 -3.56115404616242
1.76864 0.63 -3.74731115131111
1.79364 0.63 -3.92967169347594
1.81864 0.63 -4.1085769277892
1.84364 0.63 -4.28432694176356
1.86864 0.63 -4.45718925863772
1.89364 0.63 -4.62740137506888
1.91864 0.63 -4.7951755497248
1.94364 0.63 -4.96070135349259
1.96864 0.63 -5.12414253600039
1.99364 0.63 -5.28565545944498
2.01864 0.63 -5.44536971772229
2.04364 0.63 -5.60341033757781
2.06864 0.63 -5.75988133755022
2.09364 0.63 -5.91488003138159
2.11864 0.63 -6.0684973599057
2.14364 0.63 -6.22080861536605
2.16864 0.63 -6.37187980698646
2.19364 0.63 -6.52178463001319
2.21864 0.63 -6.67056814310133
2.24364 0.63 -6.81828740087987
2.26864 0.63 -6.96498479020256
2.29364 0.63 -7.11070490852996
2.31864 0.63 -7.25547733231519
2.34364 0.63 -7.39933426091052
2.36864 0.63 -7.54230533507074
2.39364 0.63 -7.68444650545586
2.41864 0.63 -7.82573212178702
2.44364 0.63 -7.96621248629199
2.46864 0.63 -8.10587345975352
2.49364 0.63 -8.24476292660284
2.51864 0.63 -8.38288746238719
2.54364 0.63 -8.52024831528243
2.56864 0.63 -8.65686574482954
2.59364 0.63 -8.79275258646346
2.61864 0.63 -8.92791062230533
2.64364 0.63 -9.06232556658306
2.66864 0.63 -9.19601201221595
2.69364 0.63 -9.32898581560396
2.71864 0.63 -9.46125328297074
2.74364 0.63 -9.59281649579667
2.76864 0.63 -9.72364423858228
2.79364 0.63 -9.85379181218803
2.81864 0.63 -9.98320744821049
2.84364 0.63 -10.111906090466
2.86864 0.63 -10.2398897165235
2.89364 0.63 -10.3671800540976
2.91864 0.63 -10.4937357711557
2.94364 0.63 -10.6195773169096
2.96864 0.63 -10.7447045887521
2.99364 0.63 -10.8690931856673
3.01864 0.63 -10.9927711715208
3.04364 0.63 -11.1157011114772
3.06864 0.63 -11.2379301572824
3.09364 0.63 -11.3593978661602
3.11864 0.63 -11.4801408596123
3.14364 0.63 -11.6001280631931
3.16864 0.63 -11.719377904598
3.19364 0.63 -11.8378868243797
3.21864 0.63 -11.9556270493691
3.24364 0.63 -12.0726140807791
3.26864 0.63 -12.1888642306142
3.29364 0.63 -12.3043245496121
3.31864 0.63 -12.4190450459842
3.34364 0.63 -12.5330027053759
3.36864 0.63 -12.6461634959982
3.39364 0.63 -12.7585630894574
3.41864 0.63 -12.8701773446278
3.44364 0.63 -12.9810418134149
3.46864 0.63 -13.0910970338168
3.49364 0.63 -13.200372810353
3.51864 0.63 -13.3088628500201
3.54364 0.63 -13.4165863729332
3.56864 0.63 -13.5235044737204
3.59364 0.63 -13.6296279446146
3.61864 0.63 -13.734962689954
3.64364 0.63 -13.8395162147961
3.66864 0.63 -13.9432550037417
3.69364 0.63 -14.0461813601387
3.71864 0.63 -14.1483594476521
3.74364 0.63 -14.2496935137197
3.76864 0.63 -14.3502471450332
3.79364 0.63 -14.4500039616722
3.81864 0.63 -14.5489494222758
1.36864 0.64 0.0637323716290115
1.39364 0.64 -0.282462761349371
1.41864 0.64 -0.604505738823414
1.44364 0.64 -0.905986863709836
1.46864 0.64 -1.18981709232267
1.49364 0.64 -1.45841835101834
1.51864 0.64 -1.7137939644828
1.54364 0.64 -1.9576227745582
1.56864 0.64 -2.19132701067854
1.59364 0.64 -2.41610290086233
1.61864 0.64 -2.63298099849062
1.64364 0.64 -2.84284586312876
1.66864 0.64 -3.04644321081962
1.69364 0.64 -3.24444443806836
1.71864 0.64 -3.4374158090462
1.74364 0.64 -3.62585907369578
1.76864 0.64 -3.81020049312929
1.79364 0.64 -3.99083682560194
1.81864 0.64 -4.16809675232027
1.84364 0.64 -4.34228022741667
1.86864 0.64 -4.5136519327637
1.89364 0.64 -4.68244479241504
1.91864 0.64 -4.84886765933807
1.94364 0.64 -5.0131066766121
1.96864 0.64 -5.17532634713968
1.99364 0.64 -5.33567098660236
2.01864 0.64 -5.49427221600039
2.04364 0.64 -5.65125422109165
2.06864 0.64 -5.80671311357238
2.09364 0.64 -5.96074940119875
2.11864 0.64 -6.11344738472953
2.14364 0.64 -6.26487725884725
2.16864 0.64 -6.41511397436519
2.19364 0.64 -6.56421258129512
2.21864 0.64 -6.71223223161921
2.24364 0.64 -6.85921789201593
2.26864 0.64 -7.0052126382014
2.29364 0.64 -7.15025713351361
2.31864 0.64 -7.29438718582689
2.34364 0.64 -7.43764004730652
2.36864 0.64 -7.58001335705476
2.39364 0.64 -7.72155704791772
2.41864 0.64 -7.86229136961288
2.44364 0.64 -8.0022462023195
2.46864 0.64 -8.14142620726785
2.49364 0.64 -8.27982684672177
2.51864 0.64 -8.41748046487625
2.54364 0.64 -8.55438415240601
2.56864 0.64 -8.69056041976155
2.59364 0.64 -8.82599574065273
2.61864 0.64 -8.96074102222604
2.64364 0.64 -9.09475777227889
2.66864 0.64 -9.22808632116816
2.69364 0.64 -9.36068347284795
2.71864 0.64 -9.49258940385656
2.74364 0.64 -9.62377157986385
2.76864 0.64 -9.75428341588586
2.79364 0.64 -9.88406913414334
2.81864 0.64 -10.0131578774069
2.84364 0.64 -10.1415376235152
2.86864 0.64 -10.2692425036564
2.89364 0.64 -10.3961986370984
2.91864 0.64 -10.5224575348016
2.94364 0.64 -10.6480155391339
2.96864 0.64 -10.7728559825656
2.99364 0.64 -10.8969941144755
3.01864 0.64 -11.0203724785299
3.04364 0.64 -11.1430637227806
3.06864 0.64 -11.2650071682665
3.09364 0.64 -11.3862123595972
3.11864 0.64 -11.5067019306594
3.14364 0.64 -11.6264666195744
3.16864 0.64 -11.7454724911668
3.19364 0.64 -11.8637099763524
3.21864 0.64 -11.9812412594218
3.24364 0.64 -12.0979947446758
3.26864 0.64 -12.2140110457638
3.29364 0.64 -12.3292417808825
3.31864 0.64 -12.4437374171966
3.34364 0.64 -12.5574404212334
3.36864 0.64 -12.6704110688255
3.39364 0.64 -12.7825895640598
3.41864 0.64 -12.8939932649146
3.44364 0.64 -13.0046095016186
3.46864 0.64 -13.1144809990905
3.49364 0.64 -13.2235461075042
3.51864 0.64 -13.3318272597078
3.54364 0.64 -13.4393147697608
3.56864 0.64 -13.5460285661495
3.59364 0.64 -13.6519516130529
3.61864 0.64 -13.7571088632496
3.64364 0.64 -13.8614331789456
3.66864 0.64 -13.964974717706
3.69364 0.64 -14.0677329289222
3.71864 0.64 -14.1696856827043
3.74364 0.64 -14.2708564098298
3.76864 0.64 -14.3712165923419
3.79364 0.64 -14.470782443194
3.81864 0.64 -14.5695379902229
1.36864 0.65 -0.0389777265615791
1.39364 0.65 -0.382601270182845
1.41864 0.65 -0.70188829444386
1.44364 0.65 -1.0005048345039
1.46864 0.65 -1.28145423493303
1.49364 0.65 -1.54718708294738
1.51864 0.65 -1.799747306344
1.54364 0.65 -2.0408335221643
1.56864 0.65 -2.271878794148
1.59364 0.65 -2.49409963874703
1.61864 0.65 -2.70852115654001
1.64364 0.65 -2.91602656612149
1.66864 0.65 -3.11738208967189
1.69364 0.65 -3.31323723175222
1.71864 0.65 -3.50416275583572
1.74364 0.65 -3.69065624741179
1.76864 0.65 -3.87314550119205
1.79364 0.65 -4.05201704557239
1.81864 0.65 -4.22759784978733
1.84364 0.65 -4.40018623943845
1.86864 0.65 -4.57004241866079
1.89364 0.65 -4.73739564680888
1.91864 0.65 -4.90244548596642
1.94364 0.65 -5.06538211154864
1.96864 0.65 -5.22636005865852
1.99364 0.65 -5.38552241907467
2.01864 0.65 -5.54300345332333
2.04364 0.65 -5.6989100130571
2.06864 0.65 -5.85335438188105
2.09364 0.65 -6.00641924631758
2.11864 0.65 -6.15818840187815
2.14364 0.65 -6.30873436342532
2.16864 0.65 -6.45813014769998
2.19364 0.65 -6.60642422512155
2.21864 0.65 -6.75367180746983
2.24364 0.65 -6.89992178400032
2.26864 0.65 -7.04521565135978
2.29364 0.65 -7.18958651865373
2.31864 0.65 -7.33307063676922
2.34364 0.65 -7.47570505230522
2.36864 0.65 -7.61748583616441
2.39364 0.65 -7.75845975015398
2.41864 0.65 -7.89864762277227
2.44364 0.65 -8.03807546984155
2.46864 0.65 -8.17674953933397
2.49364 0.65 -8.31466246496077
2.51864 0.65 -8.45181950715326
2.54364 0.65 -8.5882975679676
2.56864 0.65 -8.72403700620363
2.59364 0.65 -8.85904928654984
2.61864 0.65 -8.99338568707339
2.64364 0.65 -9.12700813293256
2.66864 0.65 -9.25995307333818
2.69364 0.65 -9.39218047189896
2.71864 0.65 -9.52372428340581
2.74364 0.65 -9.65455625631077
2.76864 0.65 -9.78472832002159
2.79364 0.65 -9.91418212233594
2.81864 0.65 -10.0429501267167
2.84364 0.65 -10.1710163724502
2.86864 0.65 -10.2984122112969
2.89364 0.65 -10.42507033829
2.91864 0.65 -10.5510393516876
2.94364 0.65 -10.6763069388946
2.96864 0.65 -10.8008687819462
2.99364 0.65 -10.9247060583647
3.01864 0.65 -11.0478410331003
3.04364 0.65 -11.1702699378564
3.06864 0.65 -11.2919489339596
3.09364 0.65 -11.4129046349147
3.11864 0.65 -11.5331450998119
3.14364 0.65 -11.6526629515962
3.16864 0.65 -11.7714256094938
3.19364 0.65 -11.8894253345515
3.21864 0.65 -12.0067207322397
3.24364 0.65 -12.1232416658592
3.26864 0.65 -12.2390281747563
3.29364 0.65 -12.3540338841591
3.31864 0.65 -12.4683032196104
3.34364 0.65 -12.5817855895219
3.36864 0.65 -12.6945372429559
3.39364 0.65 -12.8065005831418
3.41864 0.65 -12.9176861430102
3.44364 0.65 -13.0280979154121
3.46864 0.65 -13.137755709977
3.49364 0.65 -13.2466109141884
3.51864 0.65 -13.3546889647183
3.54364 0.65 -13.4619673903691
3.56864 0.65 -13.5684823946078
3.59364 0.65 -13.6741970971919
3.61864 0.65 -13.7791619542277
3.64364 0.65 -13.8832869804909
3.66864 0.65 -13.9866327547574
3.69364 0.65 -14.0891973377554
3.71864 0.65 -14.1909550363579
3.74364 0.65 -14.2919334644501
3.76864 0.65 -14.3921028947262
3.79364 0.65 -14.4914794101472
3.81864 0.65 -14.5900450654745
1.36864 0.66 -0.143321913436592
1.39364 0.66 -0.484219886812039
1.41864 0.66 -0.800583381372314
1.44364 0.66 -1.09619725814699
1.46864 0.66 -1.37411528490151
1.49364 0.66 -1.63685132891724
1.51864 0.66 -1.88647755336568
1.54364 0.66 -2.12471331490051
1.56864 0.66 -2.35300606711099
1.59364 0.66 -2.57257720826919
1.61864 0.66 -2.78446137218876
1.64364 0.66 -2.98954582924969
1.66864 0.66 -3.18858441044814
1.69364 0.66 -3.38223426619458
1.71864 0.66 -3.57105867378391
1.74364 0.66 -3.75555672567843
1.76864 0.66 -3.93615065682897
1.79364 0.66 -4.11321785874025
1.81864 0.66 -4.28709096172815
1.84364 0.66 -4.45805298928101
1.86864 0.66 -4.62636470654456
1.89364 0.66 -4.7922499818679
1.91864 0.66 -4.95590995521913
1.94364 0.66 -5.11752120607313
1.96864 0.66 -5.27724254049377
1.99364 0.66 -5.43521240773172
2.01864 0.66 -5.59155316315241
2.04364 0.66 -5.74638446788192
2.06864 0.66 -5.89979636001743
2.09364 0.66 -6.0518791464969
2.11864 0.66 -6.20272068522466
2.14364 0.66 -6.35238168540511
2.16864 0.66 -6.50092140641762
2.19364 0.66 -6.64841150304837
2.21864 0.66 -6.79488639927787
2.24364 0.66 -6.94039832909437
2.26864 0.66 -7.08498485180728
2.29364 0.66 -7.2286840807902
2.31864 0.66 -7.37151860754886
2.34364 0.66 -7.51352163997758
2.36864 0.66 -7.65473916206463
2.39364 0.66 -7.79514408697319
2.41864 0.66 -7.93478714287003
2.44364 0.66 -8.07368938173271
2.46864 0.66 -8.21183236807786
2.49364 0.66 -8.34926102117424
2.51864 0.66 -8.48597610148663
2.54364 0.66 -8.6219772254001
2.56864 0.66 -8.75728095611463
2.59364 0.66 -8.89190294326308
2.61864 0.66 -9.02583378273264
2.64364 0.66 -9.15906570299089
2.66864 0.66 -9.29160092649543
2.69364 0.66 -9.42346052592529
2.71864 0.66 -9.55464792953176
2.74364 0.66 -9.6851612619231
2.76864 0.66 -9.81496818264961
2.79364 0.66 -9.94412235511123
2.81864 0.66 -10.0725715757056
2.84364 0.66 -10.2003277267877
2.86864 0.66 -10.327391247026
2.89364 0.66 -10.4537830828197
2.91864 0.66 -10.5794614551723
2.94364 0.66 -10.7044472831433
2.96864 0.66 -10.8287326743097
2.99364 0.66 -10.9522993909463
3.01864 0.66 -11.0751698849297
3.04364 0.66 -11.1973091134723
3.06864 0.66 -11.3187610787022
3.09364 0.66 -11.4394651145388
3.11864 0.66 -11.5594612567405
3.14364 0.66 -11.6787045633537
3.16864 0.66 -11.7972263155332
3.19364 0.66 -11.9150204722044
3.21864 0.66 -12.0320542263647
3.24364 0.66 -12.1483462908306
3.26864 0.66 -12.2639067511076
3.29364 0.66 -12.3787171404694
3.31864 0.66 -12.492736468982
3.34364 0.66 -12.6060306931844
3.36864 0.66 -12.7185371707681
3.39364 0.66 -12.8302868676608
3.41864 0.66 -12.9412613909584
3.44364 0.66 -13.0514904214154
3.46864 0.66 -13.1609136455121
3.49364 0.66 -13.2695654175993
3.51864 0.66 -13.3774375221911
3.54364 0.66 -13.4845472610943
3.56864 0.66 -13.5908598968065
3.59364 0.66 -13.6963747333071
3.61864 0.66 -13.8011114103408
3.64364 0.66 -13.9050708531592
3.66864 0.66 -14.0082228081981
3.69364 0.66 -14.1105943627466
3.71864 0.66 -14.2121598262204
3.74364 0.66 -14.3129178952639
3.76864 0.66 -14.4128983751049
3.79364 0.66 -14.5120861010558
3.81864 0.66 -14.6104956192046
1.36864 0.67 -0.249416371543943
1.39364 0.67 -0.587406962340779
1.41864 0.67 -0.900681250281204
1.44364 0.67 -1.19312792756859
1.46864 0.67 -1.46786990715331
1.49364 0.67 -1.72747256847752
1.51864 0.67 -1.97403653040645
1.54364 0.67 -2.20930699057608
1.56864 0.67 -2.43474260463484
1.59364 0.67 -2.65157172859065
1.61864 0.67 -2.8608305032227
1.64364 0.67 -3.06341170057284
1.66864 0.67 -3.26006716960488
1.69364 0.67 -3.45144943847422
1.71864 0.67 -3.63811881527661
1.74364 0.67 -3.8205720420314
1.76864 0.67 -3.99922283050529
1.79364 0.67 -4.17444797595588
1.81864 0.67 -4.34657234172172
1.84364 0.67 -4.51587832207836
1.86864 0.67 -4.68261870078387
1.89364 0.67 -4.84701222218728
1.91864 0.67 -5.00925681042476
1.94364 0.67 -5.16952733055
1.96864 0.67 -5.32797317219439
1.99364 0.67 -5.48473366948408
2.01864 0.67 -5.63992500329137
2.04364 0.67 -5.79366439699853
2.06864 0.67 -5.94603776636695
2.09364 0.67 -6.09713584498976
2.11864 0.67 -6.24703552987483
2.14364 0.67 -6.39580034181248
2.16864 0.67 -6.54349080835469
2.19364 0.67 -6.69016643076649
2.21864 0.67 -6.83586532645854
2.24364 0.67 -6.98063882061193
2.26864 0.67 -7.12451823501635
2.29364 0.67 -7.26754346087539
2.31864 0.67 -7.40973342841684
2.34364 0.67 -7.55112828063494
2.36864 0.67 -7.69172360374476
2.39364 0.67 -7.83156282204721
2.41864 0.67 -7.9706871783437
2.44364 0.67 -8.109041994456
2.46864 0.67 -8.24671208067538
2.49364 0.67 -8.38365469225613
2.51864 0.67 -8.5199088600729
2.54364 0.67 -8.65546123818061
2.56864 0.67 -8.79033303746364
2.59364 0.67 -8.9245386130776
2.61864 0.67 -9.0580387450582
2.64364 0.67 -9.19088047673844
2.66864 0.67 -9.32306980214219
2.69364 0.67 -9.45456489544007
2.71864 0.67 -9.58539953307186
2.74364 0.67 -9.71554056795977
2.76864 0.67 -9.84504318027326
2.79364 0.67 -9.97384216089962
2.81864 0.67 -10.1019787230809
2.84364 0.67 -10.2294284842139
2.86864 0.67 -10.356220704808
2.89364 0.67 -10.4822921970859
2.91864 0.67 -10.6076867902334
2.94364 0.67 -10.7323913328637
2.96864 0.67 -10.8564050782313
2.99364 0.67 -10.9797326510135
3.01864 0.67 -11.1023151296936
3.04364 0.67 -11.224222982902
3.06864 0.67 -11.3453938725423
3.09364 0.67 -11.465878830152
3.11864 0.67 -11.5855984870257
3.14364 0.67 -11.7046351870845
3.16864 0.67 -11.8229224458538
3.19364 0.67 -11.9404510495507
3.21864 0.67 -12.0572865884266
3.24364 0.67 -12.1733524360727
3.26864 0.67 -12.2886896406196
3.29364 0.67 -12.4032502519745
3.31864 0.67 -12.5170819309289
3.34364 0.67 -12.6301301773356
3.36864 0.67 -12.7424556247523
3.39364 0.67 -12.8539954363092
3.41864 0.67 -12.9647577800974
3.44364 0.67 -13.0747507871828
3.46864 0.67 -13.183998004653
3.49364 0.67 -13.2924456195992
3.51864 0.67 -13.400121159866
3.54364 0.67 -13.5070321749144
3.56864 0.67 -13.6131114724273
3.59364 0.67 -13.7184678562893
3.61864 0.67 -13.8230031543618
3.64364 0.67 -13.9267389842417
3.66864 0.67 -14.0297005351011
3.69364 0.67 -14.1318787091595
3.71864 0.67 -14.2332553745949
3.74364 0.67 -14.3338538577193
3.76864 0.67 -14.4336477647007
3.79364 0.67 -14.5326509497931
3.81864 0.67 -14.6308442454732
1.36864 0.68 -0.357372939298516
1.39364 0.68 -0.692269785550564
1.41864 0.68 -1.00227872150506
1.44364 0.68 -1.29138175777504
1.46864 0.68 -1.56279296590435
1.49364 0.68 -1.81911418029255
1.51864 0.68 -2.06248241389535
1.54364 0.68 -2.29466144840002
1.56864 0.68 -2.51712601440869
1.59364 0.68 -2.73111131931598
1.61864 0.68 -2.9376614128827
1.64364 0.68 -3.13765247739827
1.66864 0.68 -3.3318508119802
1.69364 0.68 -3.52089914597227
1.71864 0.68 -3.70535687042084
1.74364 0.68 -3.88570686706542
1.76864 0.68 -4.06236965504941
1.79364 0.68 -4.23571002979017
1.81864 0.68 -4.40605022746575
1.84364 0.68 -4.57366456006111
1.86864 0.68 -4.73880265397734
1.89364 0.68 -4.90168270101677
1.91864 0.68 -5.06248883850412
1.94364 0.68 -5.22139568499556
1.96864 0.68 -5.37854765071269
1.99364 0.68 -5.53408260125808
2.01864 0.68 -5.68811534394845
2.04364 0.68 -5.84074654168796
2.06864 0.68 -5.99207422404706
2.09364 0.68 -6.1421755136493
2.11864 0.68 -6.2911253665655
2.14364 0.68 -6.43899107426935
2.16864 0.68 -6.58582497445803
2.19364 0.68 -6.73168017688773
2.21864 0.68 -6.87660848689811
2.24364 0.68 -7.0206355072323
2.26864 0.68 -7.16380963157024
2.29364 0.68 -7.30615542459935
2.31864 0.68 -7.44770027708896
2.34364 0.68 -7.58846658195345
2.36864 0.68 -7.72849881423547
2.39364 0.68 -7.86777142619632
2.41864 0.68 -8.00632638526685
2.44364 0.68 -8.14418755946303
2.46864 0.68 -8.28132888081809
2.49364 0.68 -8.41779335581073
2.51864 0.68 -8.55358317540754
2.54364 0.68 -8.68869054859695
2.56864 0.68 -8.82313349205726
2.59364 0.68 -8.95693072807487
2.61864 0.68 -9.09005704253815
2.64364 0.68 -9.22251435194749
2.66864 0.68 -9.35430219495948
2.69364 0.68 -9.48543689911483
2.71864 0.68 -9.6159207277172
2.74364 0.68 -9.74575142864495
2.76864 0.68 -9.87489610462591
2.79364 0.68 -10.0034072219162
2.81864 0.68 -10.1312301342402
2.84364 0.68 -10.2583756504726
2.86864 0.68 -10.3848447843562
2.89364 0.68 -10.5106553904387
2.91864 0.68 -10.6357678796569
2.94364 0.68 -10.7601991009568
2.96864 0.68 -10.8839423077523
2.99364 0.68 -11.0069777193125
3.01864 0.68 -11.1293287356899
3.04364 0.68 -11.2509571788387
3.06864 0.68 -11.3719064076111
3.09364 0.68 -11.4921189798333
3.11864 0.68 -11.6116272398037
3.14364 0.68 -11.7303986770306
3.16864 0.68 -11.8484520397111
3.19364 0.68 -11.9657837837739
3.21864 0.68 -12.0823619159629
3.24364 0.68 -12.1982047203318
3.26864 0.68 -12.313321750765
3.29364 0.68 -12.4276893916694
3.31864 0.68 -12.5412816260346
3.34364 0.68 -12.6541439057008
3.36864 0.68 -12.7662305035187
3.39364 0.68 -12.8775613411379
3.41864 0.68 -12.9881208072872
3.44364 0.68 -13.0979390661386
3.46864 0.68 -13.206955191236
3.49364 0.68 -13.3152035406839
3.51864 0.68 -13.4226767049892
3.54364 0.68 -13.5293879869956
3.56864 0.68 -13.6353059881347
3.59364 0.68 -13.7404362418437
3.61864 0.68 -13.8447813509515
3.64364 0.68 -13.9483553718797
3.66864 0.68 -14.0511250809396
3.69364 0.68 -14.1531168935096
3.71864 0.68 -14.2543072234235
3.74364 0.68 -14.3546828507747
3.76864 0.68 -14.454302661713
3.79364 0.68 -14.5531144734164
3.81864 0.68 -14.6511554281527
1.36864 0.69 -0.467315908995866
1.39364 0.69 -0.798925526419925
1.41864 0.69 -1.10546654221457
1.44364 0.69 -1.391049815305
1.46864 0.69 -1.65895318863311
1.49364 0.69 -1.91183428537846
1.51864 0.69 -2.15186270834508
1.54364 0.69 -2.38082492524152
1.56864 0.69 -2.60020125267117
1.59364 0.69 -2.81123693991741
1.61864 0.69 -3.01497351876588
1.64364 0.69 -3.21229609707479
1.66864 0.69 -3.40395603398174
1.69364 0.69 -3.5905969656728
1.71864 0.69 -3.77278109712789
1.74364 0.69 -3.95097595037825
1.76864 0.69 -4.12560220211025
1.79364 0.69 -4.2970134378698
1.81864 0.69 -4.46552729909528
1.84364 0.69 -4.63141652613974
1.86864 0.69 -4.79492101412136
1.89364 0.69 -4.95625376205537
1.91864 0.69 -5.11559898685416
1.94364 0.69 -5.27312234593468
1.96864 0.69 -5.42896479539923
1.99364 0.69 -5.58325845093117
2.01864 0.69 -5.73611077393276
2.04364 0.69 -5.88762844272938
2.06864 0.69 -6.03789495455444
2.09364 0.69 -6.18699017950916
2.11864 0.69 -6.33498672365529
2.14364 0.69 -6.48194330556745
2.16864 0.69 -6.62791707113586
2.19364 0.69 -6.77295624350078
2.21864 0.69 -6.91709695576764
2.24364 0.69 -7.06038363887011
2.26864 0.69 -7.20284617141151
2.29364 0.69 -7.34451492786328
2.31864 0.69 -7.48541664859276
2.34364 0.69 -7.62557116372662
2.36864 0.69 -7.76499174205115
2.39364 0.69 -7.90369912383179
2.41864 0.69 -8.04174105495404
2.44364 0.69 -8.17905555166274
2.46864 0.69 -8.31572743913047
2.49364 0.69 -8.45171424912881
2.51864 0.69 -8.5870454130329
2.54364 0.69 -8.7217130087205
2.56864 0.69 -8.85573086616381
2.59364 0.69 -8.98911340514008
2.61864 0.69 -9.12181925049927
2.64364 0.69 -9.25389430928852
2.66864 0.69 -9.3853427486767
2.69364 0.69 -9.51611981403249
2.71864 0.69 -9.64625615411676
2.74364 0.69 -9.77572461513987
2.76864 0.69 -9.90457126735786
2.79364 0.69 -10.0327395544241
2.81864 0.69 -10.1602523356641
2.84364 0.69 -10.2871000220551
2.86864 0.69 -10.4133055247852
2.89364 0.69 -10.5388029753129
2.91864 0.69 -10.6636377273654
2.94364 0.69 -10.7877965107615
2.96864 0.69 -10.9112753991544
2.99364 0.69 -11.0340794537813
3.01864 0.69 -11.1561472677415
3.04364 0.69 -11.2775537904706
3.06864 0.69 -11.398230547584
3.09364 0.69 -11.5182307644357
3.11864 0.69 -11.6374735187661
3.14364 0.69 -11.7560409309475
3.16864 0.69 -11.87386618258
3.19364 0.69 -11.9909417071387
3.21864 0.69 -12.1073263371715
3.24364 0.69 -12.2229494462664
3.26864 0.69 -12.3378495335506
3.29364 0.69 -12.4519789763246
3.31864 0.69 -12.5653834441713
3.34364 0.69 -12.6780101432274
3.36864 0.69 -12.7899167934517
3.39364 0.69 -12.9010410729989
3.41864 0.69 -13.0113977766366
3.44364 0.69 -13.1209855007777
3.46864 0.69 -13.2298316325886
3.49364 0.69 -13.3378823799998
3.51864 0.69 -13.4451588446382
3.54364 0.69 -13.5516464034969
3.56864 0.69 -13.65737292213
3.59364 0.69 -13.762339076054
3.61864 0.69 -13.8664953067175
3.64364 0.69 -13.9698456344507
3.66864 0.69 -14.0724324750194
3.69364 0.69 -14.174236526025
3.71864 0.69 -14.2752400286688
3.74364 0.69 -14.3754690821123
3.76864 0.69 -14.4748938767651
3.79364 0.69 -14.5735298593622
3.81864 0.69 -14.671360362173
1.36864 0.7 -0.579399618547346
1.39364 0.7 -0.907493996784158
1.41864 0.7 -1.21035810675709
1.44364 0.7 -1.49222182413819
1.46864 0.7 -1.75643536645545
1.49364 0.7 -2.00571194966533
1.51864 0.7 -2.24224470868831
1.54364 0.7 -2.4678473703973
1.56864 0.7 -2.68401009188745
1.59364 0.7 -2.89198103171356
1.61864 0.7 -3.09280445606517
1.64364 0.7 -3.28736281318586
1.66864 0.7 -3.47640761935605
1.69364 0.7 -3.66057395072508
1.71864 0.7 -3.84041423917141
1.74364 0.7 -4.01639412210104
1.76864 0.7 -4.18892485041144
1.79364 0.7 -4.35835957970119
1.81864 0.7 -4.52500650267609
1.84364 0.7 -4.68913345188814
1.86864 0.7 -4.85097059062108
1.89364 0.7 -5.01073016808009
1.91864 0.7 -5.16858949750283
1.94364 0.7 -5.324703069193
1.96864 0.7 -5.47921582977441
1.99364 0.7 -5.63224983992409
2.01864 0.7 -5.78391075720984
2.04364 0.7 -5.93429868743593
2.06864 0.7 -6.08349582226541
2.09364 0.7 -6.23157832488106
2.11864 0.7 -6.37861375486422
2.14364 0.7 -6.52465809801114
2.16864 0.7 -6.66976295866275
2.19364 0.7 -6.81397468112766
2.21864 0.7 -6.95733119351428
2.24364 0.7 -7.09987248777466
2.26864 0.7 -7.24162427642985
2.29364 0.7 -7.38261697907857
2.31864 0.7 -7.52286973275015
2.34364 0.7 -7.66240532665696
2.36864 0.7 -7.80125051826983
2.39364 0.7 -7.93939346145785
2.41864 0.7 -8.07686789418658
2.44364 0.7 -8.21369436133847
2.46864 0.7 -8.34984341938275
2.49364 0.7 -8.48535515267382
2.51864 0.7 -8.62022998047703
2.54364 0.7 -8.75445880702723
2.56864 0.7 -8.88808311969118
2.59364 0.7 -9.02103384254942
2.61864 0.7 -9.15337234700656
2.64364 0.7 -9.28506999863117
2.66864 0.7 -9.41612455931261
2.69364 0.7 -9.54657661874582
2.71864 0.7 -9.6763440863076
2.74364 0.7 -9.80550850516727
2.76864 0.7 -9.93403830121434
2.79364 0.7 -10.0618885125647
2.81864 0.7 -10.1890996406773
2.84364 0.7 -10.3156498020238
2.86864 0.7 -10.4415407212099
2.89364 0.7 -10.5667875997138
2.91864 0.7 -10.6913482379236
2.94364 0.7 -10.8152390782275
2.96864 0.7 -10.9384582968946
2.99364 0.7 -11.060975835489
3.01864 0.7 -11.182823932025
3.04364 0.7 -11.3039833513824
3.06864 0.7 -11.4244189959706
3.09364 0.7 -11.5441531006492
3.11864 0.7 -11.6631916195722
3.14364 0.7 -11.781500400959
3.16864 0.7 -11.8990965866443
3.19364 0.7 -12.0159825213892
3.21864 0.7 -12.1321189940827
3.24364 0.7 -12.2475547724771
3.26864 0.7 -12.3622122246128
3.29364 0.7 -12.4761593033077
3.31864 0.7 -12.5893264722811
3.34364 0.7 -12.7017769326219
3.36864 0.7 -12.8134528609413
3.39364 0.7 -12.9243711074868
3.41864 0.7 -13.0345574762257
3.44364 0.7 -13.1439468491009
3.46864 0.7 -13.2525678398076
3.49364 0.7 -13.3604529941007
3.51864 0.7 -13.4675329157457
3.54364 0.7 -13.573828315723
3.56864 0.7 -13.679365057208
3.59364 0.7 -13.7841145109401
3.61864 0.7 -13.8880828302174
3.64364 0.7 -13.9912792888475
3.66864 0.7 -14.0936682698863
3.69364 0.7 -14.1952977839541
3.71864 0.7 -14.2961180114763
3.74364 0.7 -14.3961360289994
3.76864 0.7 -14.4953789587718
3.79364 0.7 -14.593834965928
3.81864 0.7 -14.6915155735802
1.36864 0.71 -0.693763759848387
1.39364 0.71 -1.01811233165566
1.41864 0.71 -1.31707623014346
1.44364 0.71 -1.59500410560664
1.46864 0.71 -1.85533199014315
1.49364 0.71 -2.10081768172273
1.51864 0.71 -2.33369564257901
1.54364 0.71 -2.55579007618687
1.56864 0.71 -2.76860275761773
1.59364 0.71 -2.97338968814881
1.61864 0.71 -3.17119162019961
1.64364 0.71 -3.36288859688335
1.66864 0.71 -3.54922670602276
1.69364 0.71 -3.7308371210291
1.71864 0.71 -3.90826221685924
1.74364 0.71 -4.08196528901299
1.76864 0.71 -4.25235041821667
1.79364 0.71 -4.41975871196121
1.81864 0.71 -4.58449586654193
1.84364 0.71 -4.74681994182219
1.86864 0.71 -4.90695894098359
1.89364 0.71 -5.06511192451053
1.91864 0.71 -5.22145651999076
1.94364 0.71 -5.37614144371739
1.96864 0.71 -5.52930132534631
1.99364 0.71 -5.68105776059298
2.01864 0.71 -5.83151104401467
2.04364 0.71 -5.9807567881963
2.06864 0.71 -6.12887185658526
2.09364 0.71 -6.27592998722183
2.11864 0.71 -6.42199439071895
2.14364 0.71 -6.56711872701383
2.16864 0.71 -6.71134706189891
2.19364 0.71 -6.85473243673404
2.21864 0.71 -6.9973023165226
2.24364 0.71 -7.13909387874099
2.26864 0.71 -7.28013336755372
2.29364 0.71 -7.42044785675641
2.31864 0.71 -7.56005469357834
2.34364 0.71 -7.698975832104
2.36864 0.71 -7.83721265119719
2.39364 0.71 -7.97482240920446
2.41864 0.71 -8.11175957241722
2.44364 0.71 -8.248044160987
2.46864 0.71 -8.38372832853835
2.49364 0.71 -8.5187678852412
2.51864 0.71 -8.65318954020222
2.54364 0.71 -8.78698340892879
2.56864 0.71 -8.92016151621319
2.59364 0.71 -9.05273488449293
2.61864 0.71 -9.18465932321476
2.64364 0.71 -9.31601135025417
2.66864 0.71 -9.44670401126864
2.69364 0.71 -9.57677854348781
2.71864 0.71 -9.70623677847266
2.74364 0.71 -9.83507407232972
2.76864 0.71 -9.96325427440746
2.79364 0.71 -10.0908008308598
2.81864 0.71 -10.2177127238197
2.84364 0.71 -10.3440012038142
2.86864 0.71 -10.4696062975392
2.89364 0.71 -10.5945778602429
2.91864 0.71 -10.7188698808515
2.94364 0.71 -10.8424981903293
2.96864 0.71 -10.9654578687033
2.99364 0.71 -11.0877257353209
3.01864 0.71 -11.2093247585141
3.04364 0.71 -11.3302145281801
3.06864 0.71 -11.4504415902948
3.09364 0.71 -11.5699431538379
3.11864 0.71 -11.6887519493442
3.14364 0.71 -11.8068324162141
3.16864 0.71 -11.9242143179733
3.19364 0.71 -12.0408756256614
3.21864 0.71 -12.156796662502
3.24364 0.71 -12.2719924141983
3.26864 0.71 -12.3864678519998
3.29364 0.71 -12.5001788732849
3.31864 0.71 -12.6131686561739
3.34364 0.71 -12.7254165708532
3.36864 0.71 -12.8368863633594
3.39364 0.71 -12.947612209032
3.41864 0.71 -13.057578065616
3.44364 0.71 -13.1667913813988
3.46864 0.71 -13.2752210076618
3.49364 0.71 -13.3828841257356
3.51864 0.71 -13.4897773371918
3.54364 0.71 -13.5959153482754
3.56864 0.71 -13.7012606663167
3.59364 0.71 -13.805822930951
3.61864 0.71 -13.9096052759693
3.64364 0.71 -14.0125902028386
3.66864 0.71 -14.1148353630788
3.69364 0.71 -14.216243445764
3.71864 0.71 -14.316881799601
3.74364 0.71 -14.4167496714126
3.76864 0.71 -14.5158141709532
3.79364 0.71 -14.6140934778744
3.81864 0.71 -14.7115660545046
1.36864 0.72 -0.810589260303691
1.39364 0.72 -1.13092918072134
1.41864 0.72 -1.42574588288021
1.44364 0.72 -1.69951104880794
1.46864 0.72 -1.95573934867328
1.49364 0.72 -2.19724273569753
1.51864 0.72 -2.42628703992264
1.54364 0.72 -2.6447136543867
1.56864 0.72 -2.85403526128091
1.59364 0.72 -3.0555060027786
1.61864 0.72 -3.25016838791191
1.64364 0.72 -3.43890099044189
1.66864 0.72 -3.62243985682541
1.69364 0.72 -3.8014107220178
1.71864 0.72 -3.97634595208403
1.74364 0.72 -4.14770921422936
1.76864 0.72 -4.31588617043723
1.79364 0.72 -4.48121758062059
1.81864 0.72 -4.64399707877701
1.84364 0.72 -4.80447724122455
1.86864 0.72 -4.96287924535115
1.89364 0.72 -5.11939332771534
1.91864 0.72 -5.27419619344692
1.94364 0.72 -5.4274238281191
1.96864 0.72 -5.57921262096638
1.99364 0.72 -5.72967312476263
2.01864 0.72 -5.8789023014443
2.04364 0.72 -6.02699186700137
2.06864 0.72 -6.17401369305988
2.09364 0.72 -6.32003799088334
2.11864 0.72 -6.46512288303625
2.14364 0.72 -6.60931915003635
2.16864 0.72 -6.75266934498729
2.19364 0.72 -6.89522050621786
2.21864 0.72 -7.03699946675654
2.24364 0.72 -7.17803933081924
2.26864 0.72 -7.31836418850661
2.29364 0.72 -7.45800044002759
2.31864 0.72 -7.5969617295765
2.34364 0.72 -7.73526524450703
2.36864 0.72 -7.87292836295535
2.39364 0.72 -8.00995021717198
2.41864 0.72 -8.14635283023356
2.44364 0.72 -8.28215230749778
2.46864 0.72 -8.4173195852009
2.49364 0.72 -8.55188710953897
2.51864 0.72 -8.68585933238304
2.54364 0.72 -8.81925028279048
2.56864 0.72 -8.95201467620273
2.59364 0.72 -9.08416015091149
2.61864 0.72 -9.21572954190885
2.64364 0.72 -9.34668259928781
2.66864 0.72 -9.47701652006443
2.69364 0.72 -9.60677507829799
2.71864 0.72 -9.73589991027066
2.74364 0.72 -9.86438341997194
2.76864 0.72 -9.99228237937884
2.79364 0.72 -10.119525025199
2.81864 0.72 -10.2461418091016
2.84364 0.72 -10.3721158311153
2.86864 0.72 -10.4974427602102
2.89364 0.72 -10.6221381381727
2.91864 0.72 -10.7461681398548
2.94364 0.72 -10.8695379253801
2.96864 0.72 -10.9922445088766
2.99364 0.72 -11.114264914278
3.01864 0.72 -11.235621323913
3.04364 0.72 -11.3563024032852
3.06864 0.72 -11.476268498425
3.09364 0.72 -11.5955396527843
3.11864 0.72 -11.714123830062
3.14364 0.72 -11.8319862104871
3.16864 0.72 -11.9491453555425
3.19364 0.72 -12.0655944969278
3.21864 0.72 -12.1813317172081
3.24364 0.72 -12.2963164226313
3.26864 0.72 -12.4105568188834
3.29364 0.72 -12.5240926464548
3.31864 0.72 -12.6368819340495
3.34364 0.72 -12.7489022645335
3.36864 0.72 -12.8601737350214
3.39364 0.72 -12.9707313286111
3.41864 0.72 -13.0804969228381
3.44364 0.72 -13.1894983128283
3.46864 0.72 -13.2977344892476
3.49364 0.72 -13.405238636384
3.51864 0.72 -13.5119417380251
3.54364 0.72 -13.6178611881011
3.56864 0.72 -13.7230251963539
3.59364 0.72 -13.8274040157085
3.61864 0.72 -13.9310043939345
3.64364 0.72 -14.0338371843654
3.66864 0.72 -14.1358635439613
3.69364 0.72 -14.2371274010454
3.71864 0.72 -14.3375904293361
3.74364 0.72 -14.4372799515636
3.76864 0.72 -14.536167829233
3.79364 0.72 -14.6342417906124
3.81864 0.72 -14.7315723664825
1.36864 0.73 -0.930047029527586
1.39364 0.73 -1.24610444123527
1.41864 0.73 -1.53651285679157
1.44364 0.73 -1.80586176661251
1.46864 0.73 -2.05776597485983
1.49364 0.73 -2.29507919583984
1.51864 0.73 -2.52009999200902
1.54364 0.73 -2.73468517171436
1.56864 0.73 -2.94036262207698
1.59364 0.73 -3.13838052453058
1.61864 0.73 -3.32978034543706
1.64364 0.73 -3.51543359782861
1.66864 0.73 -3.69607668664916
1.69364 0.73 -3.87231628321989
1.71864 0.73 -4.04468861276164
1.74364 0.73 -4.21363566116763
1.76864 0.73 -4.37954314125805
1.79364 0.73 -4.54274310483913
1.81864 0.73 -4.70351359538425
1.84364 0.73 -4.86210644428057
1.86864 0.73 -5.01873350701186
1.89364 0.73 -5.17358051837095
1.91864 0.73 -5.32680728003835
1.94364 0.73 -5.4785548736057
1.96864 0.73 -5.62894695938453
1.99364 0.73 -5.77808887666894
2.01864 0.73 -5.92607957705371
2.04364 0.73 -6.07299461385689
2.06864 0.73 -6.21891251769907
2.09364 0.73 -6.36389155890654
2.11864 0.73 -6.50798647587941
2.14364 0.73 -6.65124795714118
2.16864 0.73 -6.79371759059425
2.19364 0.73 -6.93542641392282
2.21864 0.73 -7.07641262552623
2.24364 0.73 -7.21669633781201
2.26864 0.73 -7.3563084699802
2.29364 0.73 -7.4952608052205
2.31864 0.73 -7.63357711983754
2.34364 0.73 -7.77126378368674
2.36864 0.73 -7.90834924405297
2.39364 0.73 -8.04481188752998
2.41864 0.73 -8.18068015145461
2.44364 0.73 -8.31596974893452
2.46864 0.73 -8.45065106659317
2.49364 0.73 -8.58475516504407
2.51864 0.73 -8.71827812155887
2.54364 0.73 -8.85121331337107
2.56864 0.73 -8.98356567342555
2.59364 0.73 -9.11534613103758
2.61864 0.73 -9.24653412593302
2.64364 0.73 -9.3771215579697
2.66864 0.73 -9.50710391348927
2.69364 0.73 -9.63649196712077
2.71864 0.73 -9.76528858048324
2.74364 0.73 -9.89348454013261
2.76864 0.73 -10.0210439564441
2.79364 0.73 -10.1480141290569
2.81864 0.73 -10.2743414947955
2.84364 0.73 -10.4000315746826
2.86864 0.73 -10.5250873569532
2.89364 0.73 -10.6495184494177
2.91864 0.73 -10.7732843520658
2.94364 0.73 -10.8963997905867
2.96864 0.73 -11.0188580913755
2.99364 0.73 -11.1406356779865
3.01864 0.73 -11.2617542603956
3.04364 0.73 -11.3821725175789
3.06864 0.73 -11.5019373793025
3.09364 0.73 -11.620984789175
3.11864 0.73 -11.73934634311
3.14364 0.73 -11.8569925261788
3.16864 0.73 -11.9739394020606
3.19364 0.73 -12.0901752684606
3.21864 0.73 -12.2056766026667
3.24364 0.73 -12.320484332275
3.26864 0.73 -12.4345223042554
3.29364 0.73 -12.547857236701
3.31864 0.73 -12.6604191560551
3.34364 0.73 -12.7722699639676
3.36864 0.73 -12.8833491435438
3.39364 0.73 -12.9936857561775
3.41864 0.73 -13.1032606952046
3.44364 0.73 -13.2121030457247
3.46864 0.73 -13.3201494502852
3.49364 0.73 -13.427439689945
3.51864 0.73 -13.533961495808
3.54364 0.73 -13.6397266337596
3.56864 0.73 -13.7447057394656
3.59364 0.73 -13.8489032674232
3.61864 0.73 -13.9523239238847
3.64364 0.73 -14.0549788097649
3.66864 0.73 -14.1568332058094
3.69364 0.73 -14.2579148539041
3.71864 0.73 -14.3581993474466
3.74364 0.73 -14.4576851485526
3.76864 0.73 -14.5563996430633
3.79364 0.73 -14.6543292905778
3.81864 0.73 -14.7514866767775
1.36864 0.74 -1.05234483818687
1.39364 0.74 -1.36382126723161
1.41864 0.74 -1.64952519518918
1.44364 0.74 -1.91419874895493
1.46864 0.74 -2.1615261430217
1.49364 0.74 -2.39442321893793
1.51864 0.74 -2.61521767493076
1.54364 0.74 -2.82578261302998
1.56864 0.74 -3.02764596518143
1.59364 0.74 -3.22206325919562
1.61864 0.74 -3.41006791701085
1.64364 0.74 -3.59252874276635
1.66864 0.74 -3.77016225620455
1.69364 0.74 -3.94358240773428
1.71864 0.74 -4.11330167081008
1.74364 0.74 -4.27976471763088
1.76864 0.74 -4.4433376570297
1.79364 0.74 -4.60433954715387
1.81864 0.74 -4.76305483378111
1.84364 0.74 -4.91971406402825
1.86864 0.74 -5.07452417132405
1.89364 0.74 -5.22766233103883
1.91864 0.74 -5.37928315359488
1.94364 0.74 -5.5295228952706
1.96864 0.74 -5.67849502078473
1.99364 0.74 -5.826302152984
2.01864 0.74 -5.97303065977868
2.04364 0.74 -6.11876291925081
2.06864 0.74 -6.26355706202057
2.09364 0.74 -6.40747974122683
2.11864 0.74 -6.55057944909046
2.14364 0.74 -6.69289545777936
2.16864 0.74 -6.83447192578758
2.19364 0.74 -6.9753390301534
2.21864 0.74 -7.11552626506931
2.24364 0.74 -7.25505725877846
2.26864 0.74 -7.39394890284153
2.29364 0.74 -7.53222083927184
2.31864 0.74 -7.66988788943022
2.34364 0.74 -7.80696370637755
2.36864 0.74 -7.94345349123313
2.39364 0.74 -8.07936688327434
2.41864 0.74 -8.21470456498274
2.44364 0.74 -8.34948634464154
2.46864 0.74 -8.48368298837782
2.49364 0.74 -8.617324264259
2.51864 0.74 -8.75040640460494
2.54364 0.74 -8.88291429647712
2.56864 0.74 -9.01486068787533
2.59364 0.74 -9.14625077387882
2.61864 0.74 -9.27706300367952
2.64364 0.74 -9.4072891202859
2.66864 0.74 -9.53692296977718
2.69364 0.74 -9.66597611557466
2.71864 0.74 -9.79444739056148
2.74364 0.74 -9.92233014096803
2.76864 0.74 -10.0495856220443
2.79364 0.74 -10.1762632445018
2.81864 0.74 -10.3023047120402
2.84364 0.74 -10.4277191782313
2.86864 0.74 -10.552503056192
2.89364 0.74 -10.676669616734
2.91864 0.74 -10.8001813067968
2.94364 0.74 -10.9230470420603
2.96864 0.74 -11.045261155934
2.99364 0.74 -11.1668004363464
3.01864 0.74 -11.2876855539299
3.04364 0.74 -11.4078748793213
3.06864 0.74 -11.5274140826089
3.09364 0.74 -11.6462418210956
3.11864 0.74 -11.7643879494077
3.14364 0.74 -11.8818210594307
3.16864 0.74 -11.9985553069584
3.19364 0.74 -12.1145853204564
3.21864 0.74 -12.2298824199157
3.24364 0.74 -12.3444893767253
3.26864 0.74 -12.4583283894647
3.29364 0.74 -12.5714666829487
3.31864 0.74 -12.6838346647205
3.34364 0.74 -12.7954924335571
3.36864 0.74 -12.906374824391
3.39364 0.74 -13.0165287707328
3.41864 0.74 -13.1259458096736
3.44364 0.74 -13.2345729991035
3.46864 0.74 -13.3424366838453
3.49364 0.74 -13.4495427811176
3.51864 0.74 -13.5559104961343
3.54364 0.74 -13.6614692362522
3.56864 0.74 -13.7662677850483
3.59364 0.74 -13.8702873482245
3.61864 0.74 -13.9735307682519
3.64364 0.74 -14.076008660719
3.66864 0.74 -14.1776888366722
3.69364 0.74 -14.2785962426966
3.71864 0.74 -14.3786976124816
3.74364 0.74 -14.4780207086485
3.76864 0.74 -14.5765634249577
3.79364 0.74 -14.6743238663535
3.81864 0.74 -14.7713063927119
1.36864 0.75 -1.17770723349121
1.39364 0.75 -1.48426829945654
1.41864 0.75 -1.76496308313984
1.44364 0.75 -2.02466371855008
1.46864 0.75 -2.26714901480275
1.49364 0.75 -2.49539289903844
1.51864 0.75 -2.71173790160687
1.54364 0.75 -2.91808372782519
1.56864 0.75 -3.11595714457456
1.59364 0.75 -3.30661541758384
1.61864 0.75 -3.4910826650542
1.64364 0.75 -3.67021992151178
1.66864 0.75 -3.84474018730387
1.69364 0.75 -4.01523605446749
1.71864 0.75 -4.18221644946003
1.74364 0.75 -4.34610707184693
1.76864 0.75 -4.50727228693543
1.79364 0.75 -4.66602173283382
1.81864 0.75 -4.82262028004905
1.84364 0.75 -4.9772971784153
1.86864 0.75 -5.13024713143468
1.89364 0.75 -5.28164048407945
1.91864 0.75 -5.43162628264693
1.94364 0.75 -5.58032616342805
1.96864 0.75 -5.72785035169773
1.99364 0.75 -5.87429845045406
2.01864 0.75 -6.01974993285456
2.04364 0.75 -6.16427554951402
2.06864 0.75 -6.30793551898863
2.09364 0.75 -6.45079434668853
2.11864 0.75 -6.59288427042584
2.14364 0.75 -6.73425218566286
2.16864 0.75 -6.87493129407716
2.19364 0.75 -7.01494962674313
2.21864 0.75 -7.15433275527818
2.24364 0.75 -7.29310291802546
2.26864 0.75 -7.43127811038412
2.29364 0.75 -7.56886887672514
2.31864 0.75 -7.7058881565065
2.34364 0.75 -7.84234666084802
2.36864 0.75 -7.97825290476084
2.39364 0.75 -8.11359991265621
2.41864 0.75 -8.24840871414204
2.44364 0.75 -8.38268753740627
2.46864 0.75 -8.51642907231186
2.49364 0.75 -8.649610963179
2.51864 0.75 -8.78225386586127
2.54364 0.75 -8.91434328753999
2.56864 0.75 -9.04588514478575
2.59364 0.75 -9.17686071574443
2.61864 0.75 -9.30729998621927
2.64364 0.75 -9.43716982197345
2.66864 0.75 -9.56648876556825
2.69364 0.75 -9.69521376451098
2.71864 0.75 -9.82336364917686
2.74364 0.75 -9.95090948325471
2.76864 0.75 -10.0778936871871
2.79364 0.75 -10.2042551643249
2.81864 0.75 -10.3300163465467
2.84364 0.75 -10.4551586203207
2.86864 0.75 -10.5797056474096
2.89364 0.75 -10.703590852066
2.91864 0.75 -10.8268497091157
2.94364 0.75 -10.949468720837
2.96864 0.75 -11.071445005551
2.99364 0.75 -11.192777088731
3.01864 0.75 -11.3134048270109
3.04364 0.75 -11.4333998768949
3.06864 0.75 -11.5526911904831
3.09364 0.75 -11.6713298186824
3.11864 0.75 -11.7892359435061
3.14364 0.75 -11.906487622677
3.16864 0.75 -12.0230174953505
3.19364 0.75 -12.1388165049604
3.21864 0.75 -12.2539421901837
3.24364 0.75 -12.3683229044209
3.26864 0.75 -12.4819960472087
3.29364 0.75 -12.5949126041251
3.31864 0.75 -12.7071185265279
3.34364 0.75 -12.8185595326208
3.36864 0.75 -12.9292899660506
3.39364 0.75 -13.039255713796
3.41864 0.75 -13.1484566189082
3.44364 0.75 -13.2569016751461
3.46864 0.75 -13.3646149199872
3.49364 0.75 -13.4715416392364
3.51864 0.75 -13.5776985005961
3.54364 0.75 -13.6830810308326
3.56864 0.75 -13.7877051690191
3.59364 0.75 -13.8915780689672
3.61864 0.75 -13.9946482198238
3.64364 0.75 -14.0969226711067
3.66864 0.75 -14.1984307803619
3.69364 0.75 -14.2991667589006
3.71864 0.75 -14.3991073880903
3.74364 0.75 -14.4982803860457
3.76864 0.75 -14.5966540903129
3.79364 0.75 -14.6942441908042
3.81864 0.75 -14.7910329482007
1.36864 0.76 -1.30637641414362
1.39364 0.76 -1.60766846879296
1.41864 0.76 -1.88300987628286
1.44364 0.76 -2.13742448906503
1.46864 0.76 -2.37478451601434
1.49364 0.76 -2.59810343865672
1.51864 0.76 -2.80976803463563
1.54364 0.76 -3.01168054960192
1.56864 0.76 -3.20537436457969
1.59364 0.76 -3.3920999088606
1.61864 0.76 -3.57288211412942
1.64364 0.76 -3.74855843899704
1.66864 0.76 -3.91983521794218
1.69364 0.76 -4.08730038919924
1.71864 0.76 -4.25144520962584
1.74364 0.76 -4.41268255599528
1.76864 0.76 -4.5713678592426
1.79364 0.76 -4.72779346993652
1.81864 0.76 -4.88221994440034
1.84364 0.76 -5.03486029248843
1.86864 0.76 -5.18590604386907
1.89364 0.76 -5.33551396671042
1.91864 0.76 -5.48382348651391
1.94364 0.76 -5.63095413091498
1.96864 0.76 -5.77700813056276
1.99364 0.76 -5.92207327642256
2.01864 0.76 -6.06622410783705
2.04364 0.76 -6.20953005916793
2.06864 0.76 -6.35204483536913
2.09364 0.76 -6.49381769603943
2.11864 0.76 -6.63488978614705
2.14364 0.76 -6.77529872840734
2.16864 0.76 -6.9150734938402
2.19364 0.76 -7.05423852644198
2.21864 0.76 -7.19281609053012
2.24364 0.76 -7.33082448634933
2.26864 0.76 -7.46827604618088
2.29364 0.76 -7.60518308351875
2.31864 0.76 -7.74155779339584
2.34364 0.76 -7.87740408671799
2.36864 0.76 -8.01272578298631
2.39364 0.76 -8.1475347092965
2.41864 0.76 -8.2818164769388
2.44364 0.76 -8.41559367484012
2.46864 0.76 -8.54883072496996
2.49364 0.76 -8.68155583933946
2.51864 0.76 -8.81376492914502
2.54364 0.76 -8.94543718166886
2.56864 0.76 -9.07658021029212
2.59364 0.76 -9.20720152353265
2.61864 0.76 -9.3372779390573
2.64364 0.76 -9.46680015889688
2.66864 0.76 -9.59574703040857
2.69364 0.76 -9.72414324181049
2.71864 0.76 -9.85198115967014
2.74364 0.76 -9.97925126629821
2.76864 0.76 -10.1059157950893
2.79364 0.76 -10.2320199691332
2.81864 0.76 -10.3575065131043
2.84364 0.76 -10.4823815824547
2.86864 0.76 -10.6066418564403
2.89364 0.76 -10.7303001278889
2.91864 0.76 -10.8533138462301
2.94364 0.76 -10.9756950640525
2.96864 0.76 -11.0974349547294
2.99364 0.76 -11.2185124966972
3.01864 0.76 -11.3389447961804
3.04364 0.76 -11.4586917175196
3.06864 0.76 -11.5777971496009
3.09364 0.76 -11.6961977145478
3.11864 0.76 -11.8139234154075
3.14364 0.76 -11.9309439951063
3.16864 0.76 -12.0472711806813
3.19364 0.76 -12.1629003700797
3.21864 0.76 -12.2778055540624
3.24364 0.76 -12.3919888035725
3.26864 0.76 -12.5054726661208
3.29364 0.76 -12.6182284968007
3.31864 0.76 -12.7302196253299
3.34364 0.76 -12.8415059547972
3.36864 0.76 -12.952023350649
3.39364 0.76 -13.0618045070484
3.41864 0.76 -13.1708295619339
3.44364 0.76 -13.2791244866607
3.46864 0.76 -13.3866306954023
3.49364 0.76 -13.4933805704883
3.51864 0.76 -13.5993657488372
3.54364 0.76 -13.7046002377003
3.56864 0.76 -13.8090629058844
3.59364 0.76 -13.9127275292314
3.61864 0.76 -14.0156235071741
3.64364 0.76 -14.1177580121106
3.66864 0.76 -14.2190984064974
3.69364 0.76 -14.3196379624285
3.71864 0.76 -14.4194371993966
3.74364 0.76 -14.5184126101519
3.76864 0.76 -14.6166202706118
3.79364 0.76 -14.7140440188895
3.81864 0.76 -14.8106985174269
1.36864 0.77 -1.43863483853801
1.39364 0.77 -1.73426196726298
1.41864 0.77 -2.00387797851217
1.44364 0.77 -2.25266677695631
1.46864 0.77 -2.48458202494219
1.49364 0.77 -2.70269469944766
1.51864 0.77 -2.90941978648929
1.54364 0.77 -3.10666904337863
1.56864 0.77 -3.29597777611691
1.59364 0.77 -3.47858721462212
1.61864 0.77 -3.65551241273236
1.64364 0.77 -3.82758845238234
1.66864 0.77 -3.99549799418765
1.69364 0.77 -4.15981281591257
1.71864 0.77 -4.32101840132385
1.74364 0.77 -4.47951525763759
1.76864 0.77 -4.63563380566314
1.79364 0.77 -4.78966614024847
1.81864 0.77 -4.9418564188978
1.84364 0.77 -5.09240615035207
1.86864 0.77 -5.24149602134061
1.89364 0.77 -5.38927523366862
1.91864 0.77 -5.53587340793933
1.94364 0.77 -5.6814012011355
1.96864 0.77 -5.82595386860284
1.99364 0.77 -5.96961209437598
2.01864 0.77 -6.11244232614337
2.04364 0.77 -6.25451012582601
2.06864 0.77 -6.39585907189331
2.09364 0.77 -6.53653888450516
2.11864 0.77 -6.6765841068809
2.14364 0.77 -6.81602553045224
2.16864 0.77 -6.95488488457788
2.19364 0.77 -7.09319283593878
2.21864 0.77 -7.23095870109307
2.24364 0.77 -7.36820053892745
2.26864 0.77 -7.50493106329014
2.29364 0.77 -7.64115575367109
2.31864 0.77 -7.77688061135678
2.34364 0.77 -7.9121144759321
2.36864 0.77 -8.04685643627157
2.39364 0.77 -8.1811088626619
2.41864 0.77 -8.31486817921224
2.44364 0.77 -8.44814695210419
2.46864 0.77 -8.58090939793507
2.49364 0.77 -8.71318311641378
2.51864 0.77 -8.8449601642215
2.54364 0.77 -8.97622174207378
2.56864 0.77 -9.10697167446167
2.59364 0.77 -9.23721508882717
2.61864 0.77 -9.36692986727715
2.64364 0.77 -9.49610018005472
2.66864 0.77 -9.62471961406419
2.69364 0.77 -9.75279541342744
2.71864 0.77 -9.88032429298889
2.74364 0.77 -10.0072962368756
2.76864 0.77 -10.1336733845361
2.79364 0.77 -10.259499742967
2.81864 0.77 -10.3847164810749
2.84364 0.77 -10.5093335038576
2.86864 0.77 -10.6333365724673
2.89364 0.77 -10.7567487511825
2.91864 0.77 -10.879522071843
2.94364 0.77 -11.0016693944189
2.96864 0.77 -11.1231798434872
2.99364 0.77 -11.2440350016055
3.01864 0.77 -11.3642487535692
3.04364 0.77 -11.4837823411406
3.06864 0.77 -11.6026780836296
3.09364 0.77 -11.7208697477999
3.11864 0.77 -11.8383948559025
3.14364 0.77 -11.9552144016008
3.16864 0.77 -12.0713488199579
3.19364 0.77 -12.1867833280208
3.21864 0.77 -12.3014938394327
3.24364 0.77 -12.4155220467585
3.26864 0.77 -12.5287893806594
3.29364 0.77 -12.6413623146095
3.31864 0.77 -12.7531703181739
3.34364 0.77 -12.8642766938505
3.36864 0.77 -12.9746145702985
3.39364 0.77 -13.0842170699879
3.41864 0.77 -13.193095866448
3.44364 0.77 -13.301187247189
3.46864 0.77 -13.408519377779
3.49364 0.77 -13.5150988935019
3.51864 0.77 -13.6209411112587
3.54364 0.77 -13.7259776129008
3.56864 0.77 -13.8302590907846
3.59364 0.77 -13.9337625339362
3.61864 0.77 -14.0364931616728
3.64364 0.77 -14.1384606364642
3.66864 0.77 -14.2396328194522
3.69364 0.77 -14.3400377924455
3.71864 0.77 -14.4396457997665
3.74364 0.77 -14.5384538423634
3.76864 0.77 -14.6364973990801
3.79364 0.77 -14.7337569750072
3.81864 0.77 -14.8302499227562
1.36864 0.78 -1.57475941604605
1.39364 0.78 -1.86431097936207
1.41864 0.78 -2.12780271341318
1.44364 0.78 -2.37058579999352
1.46864 0.78 -2.59671594000278
1.49364 0.78 -2.80931910210058
1.51864 0.78 -3.0108240636744
1.54364 0.78 -3.20316099981041
1.56864 0.78 -3.38785966273005
1.59364 0.78 -3.56615576872614
1.61864 0.78 -3.73904995011852
1.64364 0.78 -3.90736217729072
1.66864 0.78 -4.0717631031367
1.69364 0.78 -4.23281062937062
1.71864 0.78 -4.39096680834818
1.74364 0.78 -4.54661711201623
1.76864 0.78 -4.70008607143645
1.79364 0.78 -4.85164842026851
1.81864 0.78 -5.0015333492503
1.84364 0.78 -5.14993361792324
1.86864 0.78 -5.29701741164241
1.89364 0.78 -5.4429213562755
1.91864 0.78 -5.58777119961487
1.94364 0.78 -5.73166180401935
1.96864 0.78 -5.87467946695849
1.99364 0.78 -6.0169036612714
2.01864 0.78 -6.15839386826679
2.04364 0.78 -6.2991998747196
2.06864 0.78 -6.43936950406466
2.09364 0.78 -6.57894099005998
2.11864 0.78 -6.71794676926377
2.14364 0.78 -6.8564096555848
2.16864 0.78 -6.99435267308422
2.19364 0.78 -7.13179201897529
2.21864 0.78 -7.26874287087379
2.24364 0.78 -7.40521593195415
2.26864 0.78 -7.54122252636013
2.29364 0.78 -7.67676024406006
2.31864 0.78 -7.81183932197034
2.34364 0.78 -7.9464622660842
2.36864 0.78 -8.08062402964785
2.39364 0.78 -8.21432415724758
2.41864 0.78 -8.34756290641685
2.44364 0.78 -8.48034715497921
2.46864 0.78 -8.61263852736015
2.49364 0.78 -8.7444649405021
2.51864 0.78 -8.87581422448106
2.54364 0.78 -9.00666959877767
2.56864 0.78 -9.13705608276477
2.59364 0.78 -9.26690412833873
2.61864 0.78 -9.39626208740992
2.64364 0.78 -9.5250916987931
2.66864 0.78 -9.65338326322072
2.69364 0.78 -9.78117279495854
2.71864 0.78 -9.90837104688768
2.74364 0.78 -10.0350512409372
2.76864 0.78 -10.1611743521979
2.79364 0.78 -10.2866974698807
2.81864 0.78 -10.4116537930595
2.84364 0.78 -10.5360125779427
2.86864 0.78 -10.6597706923825
2.89364 0.78 -10.7829440129205
2.91864 0.78 -10.9054810110724
2.94364 0.78 -11.0273999821169
2.96864 0.78 -11.1486898232171
2.99364 0.78 -11.269325067714
3.01864 0.78 -11.3893260138979
3.04364 0.78 -11.5086784094356
3.06864 0.78 -11.6273413795714
3.09364 0.78 -11.7453340687214
3.11864 0.78 -11.8626626490246
3.14364 0.78 -11.9792874587968
3.16864 0.78 -12.0952278511457
3.19364 0.78 -12.2104756991967
3.21864 0.78 -12.3250002623392
3.24364 0.78 -12.4388448662718
3.26864 0.78 -12.551932062657
3.29364 0.78 -12.66432392824
3.31864 0.78 -12.7759541862302
3.34364 0.78 -12.8868824794315
3.36864 0.78 -12.9970477599538
3.39364 0.78 -13.1064790380637
3.41864 0.78 -13.2151839311798
3.44364 0.78 -13.323103218553
3.46864 0.78 -13.4302680932117
3.49364 0.78 -13.5367128805687
3.51864 0.78 -13.6423527428566
3.54364 0.78 -13.7472169752937
3.56864 0.78 -13.851337647959
3.59364 0.78 -13.9546766076261
3.61864 0.78 -14.0572425756915
3.64364 0.78 -14.1590459472217
3.66864 0.78 -14.260054463636
3.69364 0.78 -14.360295396354
3.71864 0.78 -14.4597418962769
3.74364 0.78 -14.5583907378498
3.76864 0.78 -14.6562732980742
3.79364 0.78 -14.7533788499871
3.81864 0.78 -14.8497088966844
1.36864 0.79 -1.71512828664353
1.39364 0.79 -1.9981174581108
1.41864 0.79 -2.25503848204772
1.44364 0.79 -2.49141209644405
1.46864 0.79 -2.71138514825513
1.49364 0.79 -2.91813635526996
1.51864 0.79 -3.11412470133793
1.54364 0.79 -3.30127907942295
1.56864 0.79 -3.48112675090052
1.59364 0.79 -3.65489357856974
1.61864 0.79 -3.8235649484336
1.64364 0.79 -3.98794548584389
1.66864 0.79 -4.14868306288305
1.69364 0.79 -4.30632450587345
1.71864 0.79 -4.46131197011337
1.74364 0.79 -4.61401862901285
1.76864 0.79 -4.7647455983065
1.79364 0.79 -4.91375336610681
1.81864 0.79 -5.0612620367148
1.84364 0.79 -5.20744852113546
1.86864 0.79 -5.35246891755713
1.89364 0.79 -5.49644989299042
1.91864 0.79 -5.63950216006343
1.94364 0.79 -5.78171802306083
1.96864 0.79 -5.92317397755364
1.99364 0.79 -6.0639368160615
2.01864 0.79 -6.2040549819189
2.04364 0.79 -6.34358590643983
2.06864 0.79 -6.48255759833765
2.09364 0.79 -6.62100517048111
2.11864 0.79 -6.7589606148504
2.14364 0.79 -6.89643223759453
2.16864 0.79 -7.03344820165236
2.19364 0.79 -7.17001643983456
2.21864 0.79 -7.30614987353101
2.24364 0.79 -7.44185374291293
2.26864 0.79 -7.57712824016519
2.29364 0.79 -7.71198257930502
2.31864 0.79 -7.84641577440639
2.34364 0.79 -7.98042732386448
2.36864 0.79 -8.11400860340643
2.39364 0.79 -8.2471686284928
2.41864 0.79 -8.37988911822308
2.44364 0.79 -8.51218194688421
2.46864 0.79 -8.64400780110344
2.49364 0.79 -8.77539124937319
2.51864 0.79 -8.90631875046618
2.54364 0.79 -9.03677200363583
2.56864 0.79 -9.16675121976913
2.59364 0.79 -9.29625669551117
2.61864 0.79 -9.42526537643313
2.64364 0.79 -9.55376004384095
2.66864 0.79 -9.68172987559267
2.69364 0.79 -9.80918297410602
2.71864 0.79 -9.93611474639792
2.74364 0.79 -10.0625078348868
2.76864 0.79 -10.1883262715694
2.79364 0.79 -10.3136198794538
2.81864 0.79 -10.4383112097901
2.84364 0.79 -10.5624221294031
2.86864 0.79 -10.6859371623202
2.89364 0.79 -10.8088739090063
2.91864 0.79 -10.9311846942859
2.94364 0.79 -11.0528806236991
2.96864 0.79 -11.1739545116471
2.99364 0.79 -11.2943787424627
3.01864 0.79 -11.4141719662313
3.04364 0.79 -11.5332942924652
3.06864 0.79 -11.6517859030028
3.09364 0.79 -11.7695810830565
3.11864 0.79 -11.8867191796866
3.14364 0.79 -12.0031555205832
3.16864 0.79 -12.1189111278124
3.19364 0.79 -12.2339757900181
3.21864 0.79 -12.348319574013
3.24364 0.79 -12.4619855507736
3.26864 0.79 -12.5748947260938
3.29364 0.79 -12.6871131741583
3.31864 0.79 -12.7985735409814
3.34364 0.79 -12.9093273748381
3.36864 0.79 -13.019315135694
3.39364 0.79 -13.1285843780965
3.41864 0.79 -13.23711757764
3.44364 0.79 -13.3448774892315
3.46864 0.79 -13.4518746717806
3.49364 0.79 -13.5581193045688
3.51864 0.79 -13.663637112981
3.54364 0.79 -13.7683386756687
3.56864 0.79 -13.8722910107632
3.59364 0.79 -13.9754682552034
3.61864 0.79 -14.0778713175153
3.64364 0.79 -14.1795166430197
3.66864 0.79 -14.2803640682076
3.69364 0.79 -14.3804473535748
3.71864 0.79 -14.4797365101198
3.74364 0.79 -14.5782257301077
3.76864 0.79 -14.675947641062
3.79364 0.79 -14.7728952622957
3.81864 0.79 -14.8690692477072
1.36864 0.8 -1.86009085881254
1.39364 0.8 -2.13601474527677
1.41864 0.8 -2.38588452630836
1.44364 0.8 -2.61539763729573
1.46864 0.8 -2.82880710397568
1.49364 0.8 -3.02934419603866
1.51864 0.8 -3.21948340098248
1.54364 0.8 -3.40115658055426
1.56864 0.8 -3.57589326395167
1.59364 0.8 -3.7448942797281
1.61864 0.8 -3.9091372110855
1.64364 0.8 -4.06939631625779
1.66864 0.8 -4.22631365188955
1.69364 0.8 -4.3804034180802
1.71864 0.8 -4.53209642373703
1.74364 0.8 -4.68173646823409
1.76864 0.8 -4.82962131695375
1.79364 0.8 -4.97598941032085
1.81864 0.8 -5.12104231331603
1.84364 0.8 -5.26494879438646
1.86864 0.8 -5.4078447853421
1.89364 0.8 -5.54985271961977
1.91864 0.8 -5.69106473166506
1.94364 0.8 -5.8315647936961
1.96864 0.8 -5.97141942923071
1.99364 0.8 -6.11069041976375
2.01864 0.8 -6.24942084145254
2.04364 0.8 -6.38764488726075
2.06864 0.8 -6.52540326408993
2.09364 0.8 -6.66271417976524
2.11864 0.8 -6.79959845969707
2.14364 0.8 -6.93607706003682
2.16864 0.8 -7.07215705528545
2.19364 0.8 -7.20784658426137
2.21864 0.8 -7.343152880172
2.24364 0.8 -7.47808187535434
2.26864 0.8 -7.61262978998127
2.29364 0.8 -7.74679755937482
2.31864 0.8 -7.88058556404729
2.34364 0.8 -8.01398387045329
2.36864 0.8 -8.14699477692477
2.39364 0.8 -8.27960650323142
2.41864 0.8 -8.41182030229719
2.44364 0.8 -8.54359847488936
2.46864 0.8 -8.67499018451858
2.49364 0.8 -8.80593522490153
2.51864 0.8 -8.93644721120967
2.54364 0.8 -9.06650389275432
2.56864 0.8 -9.19610506246287
2.59364 0.8 -9.3252477109559
2.61864 0.8 -9.45388854543935
2.64364 0.8 -9.58208138807052
2.66864 0.8 -9.70973732626885
2.69364 0.8 -9.83688798365403
2.71864 0.8 -9.96352734402656
2.74364 0.8 -10.0896422396473
2.76864 0.8 -10.215193408962
2.79364 0.8 -10.3401950028596
2.81864 0.8 -10.4646386102683
2.84364 0.8 -10.5885358243736
2.86864 0.8 -10.7118163256961
2.89364 0.8 -10.8345263715373
2.91864 0.8 -10.9566157743815
2.94364 0.8 -11.0780965559688
2.96864 0.8 -11.1989593541896
2.99364 0.8 -11.3191776066441
3.01864 0.8 -11.4387672076206
3.04364 0.8 -11.5576958607203
3.06864 0.8 -11.6759954352657
3.09364 0.8 -11.7936037125252
3.11864 0.8 -11.9105534184972
3.14364 0.8 -12.0268073271407
3.16864 0.8 -12.1423822699106
3.19364 0.8 -12.2572698379636
3.21864 0.8 -12.3714382970933
3.24364 0.8 -12.4849023270904
3.26864 0.8 -12.5976688766977
3.29364 0.8 -12.7096893339677
3.31864 0.8 -12.8210078272624
3.34364 0.8 -12.9315975224284
3.36864 0.8 -13.0414272891673
3.39364 0.8 -13.1505250794396
3.41864 0.8 -13.2588743781154
3.44364 0.8 -13.3664928642499
3.46864 0.8 -13.473329384776
3.49364 0.8 -13.5794138255076
3.51864 0.8 -13.6847366473549
3.54364 0.8 -13.7893142084571
3.56864 0.8 -13.8931090425031
3.59364 0.8 -13.9961286983261
3.61864 0.8 -14.0983777330657
3.64364 0.8 -14.1998330933469
3.66864 0.8 -14.3005571535603
3.69364 0.8 -14.4004524948556
3.71864 0.8 -14.4995859947152
3.74364 0.8 -14.5979475020189
3.76864 0.8 -14.6955206041082
3.79364 0.8 -14.7923098900728
3.81864 0.8 -14.8883015154216
1.36864 0.81 -2.01009514595267
1.39364 0.81 -2.27838127188771
1.41864 0.81 -2.52066231186936
1.44364 0.81 -2.74282613639291
1.46864 0.81 -2.94922966508847
1.49364 0.81 -3.14314421385837
1.51864 0.81 -3.32707376606691
1.54364 0.81 -3.50295096867616
1.56864 0.81 -3.6722847529797
1.59364 0.81 -3.83626976901649
1.61864 0.81 -3.99585326743113
1.64364 0.81 -4.15179692979293
1.66864 0.81 -4.30471043881396
1.69364 0.81 -4.45509186815759
1.71864 0.81 -4.60334704154573
1.74364 0.81 -4.74980491524723
1.76864 0.81 -4.89473945186474
1.79364 0.81 -5.03837112857819
1.81864 0.81 -5.18088689921968
1.84364 0.81 -5.32243568316418
1.86864 0.81 -5.46314509711436
1.89364 0.81 -5.60311809200507
1.91864 0.81 -5.74243971057937
1.94364 0.81 -5.88118173376128
1.96864 0.81 -6.01940368933006
1.99364 0.81 -6.15715005038673
2.01864 0.81 -6.29445740663546
2.04364 0.81 -6.43136185827336
2.06864 0.81 -6.56788120009595
2.09364 0.81 -6.70403645106077
2.11864 0.81 -6.83984345518843
2.14364 0.81 -6.97531132894161
2.16864 0.81 -7.11044585056378
2.19364 0.81 -7.24525167184099
2.21864 0.81 -7.37973037279979
2.24364 0.81 -7.51387972230388
2.26864 0.81 -7.6476962215842
2.29364 0.81 -7.78117734776318
2.31864 0.81 -7.91431740751002
2.34364 0.81 -8.04711149931768
2.36864 0.81 -8.17954706665429
2.39364 0.81 -8.31161692525817
2.41864 0.81 -8.44331416375772
2.44364 0.81 -8.574638781627
2.46864 0.81 -8.70554605228032
2.49364 0.81 -8.83605647533541
2.51864 0.81 -8.96615995159319
2.54364 0.81 -9.09582408110216
2.56864 0.81 -9.22505360122729
2.59364 0.81 -9.35384702446514
2.61864 0.81 -9.48217422447964
2.64364 0.81 -9.61001832258471
2.66864 0.81 -9.73736641411109
2.69364 0.81 -9.86422216639679
2.71864 0.81 -9.99057628585019
2.74364 0.81 -10.1164229199817
2.76864 0.81 -10.2417121423675
2.79364 0.81 -10.3664885109747
2.81864 0.81 -10.4906912581443
2.84364 0.81 -10.6143226786391
2.86864 0.81 -10.7373773368283
2.89364 0.81 -10.8598648387751
2.91864 0.81 -10.9817391175313
2.94364 0.81 -11.1030133269038
2.96864 0.81 -11.2236738609936
2.99364 0.81 -11.3436911514572
3.01864 0.81 -11.4630899588293
3.04364 0.81 -11.581825099026
3.06864 0.81 -11.6999384526774
3.09364 0.81 -11.8173642762379
3.11864 0.81 -11.9341340203088
3.14364 0.81 -12.0502110963122
3.16864 0.81 -12.1656126615388
3.19364 0.81 -12.2803313227365
3.21864 0.81 -12.3943258659218
3.24364 0.81 -12.5076529307862
3.26864 0.81 -12.6202270053841
3.29364 0.81 -12.7321090829218
3.31864 0.81 -12.8432355359084
3.34364 0.81 -12.953664396078
3.36864 0.81 -13.0633356761351
3.39364 0.81 -13.1722735809247
3.41864 0.81 -13.2804899261786
3.44364 0.81 -13.3879252673086
3.46864 0.81 -13.4946053736979
3.49364 0.81 -13.60053408614
3.51864 0.81 -13.7057300051606
3.54364 0.81 -13.8101241114065
3.56864 0.81 -13.9137654620044
3.59364 0.81 -14.0166312987052
3.61864 0.81 -14.1187269597669
3.64364 0.81 -14.2200623468437
3.66864 0.81 -14.3205977012926
3.69364 0.81 -14.4203751285006
3.71864 0.81 -14.5193565696711
3.74364 0.81 -14.6175409579134
3.76864 0.81 -14.7149591139093
3.79364 0.81 -14.8115939162884
3.81864 0.81 -14.907468179019
1.36864 0.82 -2.1656164966767
1.39364 0.82 -2.42564253941374
1.41864 0.82 -2.65974731658658
1.44364 0.82 -2.87402529864682
1.46864 0.82 -3.07292688964132
1.49364 0.82 -3.25978075444766
1.51864 0.82 -3.43710562891523
1.54364 0.82 -3.60683071104313
1.56864 0.82 -3.77045049669083
1.59364 0.82 -3.9291386260847
1.61864 0.82 -4.08381751597019
1.64364 0.82 -4.23522419092442
1.66864 0.82 -4.38394337711698
1.69364 0.82 -4.53044374493209
1.71864 0.82 -4.6751118008789
1.74364 0.82 -4.8182548242063
1.76864 0.82 -4.96011909066014
1.79364 0.82 -5.10090971551601
1.81864 0.82 -5.24079577048795
1.84364 0.82 -5.37990906586605
1.86864 0.82 -5.51836021735781
1.89364 0.82 -5.65623909478951
1.91864 0.82 -5.79361840585009
1.94364 0.82 -5.9305574850194
1.96864 0.82 -6.06710273727662
1.99364 0.82 -6.20329084656727
2.01864 0.82 -6.33914720475442
2.04364 0.82 -6.47470246981564
2.06864 0.82 -6.60996414733223
2.09364 0.82 -6.74494882952128
2.11864 0.82 -6.87966360622584
2.14364 0.82 -7.01411066572452
2.16864 0.82 -7.14828960416886
2.19364 0.82 -7.28220524931138
2.21864 0.82 -7.41584711483337
2.24364 0.82 -7.54921475691153
2.26864 0.82 -7.68229971156789
2.29364 0.82 -7.81509471094971
2.31864 0.82 -7.9475882393402
2.34364 0.82 -8.07977393284879
2.36864 0.82 -8.21164044371022
2.39364 0.82 -8.3431752203386
2.41864 0.82 -8.47435588374193
2.44364 0.82 -8.60519969717678
2.46864 0.82 -8.7356551080098
2.49364 0.82 -8.86576718583647
2.51864 0.82 -8.99543573976889
2.54364 0.82 -9.12474985036391
2.56864 0.82 -9.25361183594171
2.59364 0.82 -9.3820309026912
2.61864 0.82 -9.51002895895271
2.64364 0.82 -9.63755786979513
2.66864 0.82 -9.7646335368649
2.69364 0.82 -9.89120142658542
2.71864 0.82 -10.017282342431
2.74364 0.82 -10.1428356624322
2.76864 0.82 -10.2678988984888
2.79364 0.82 -10.3924036421951
2.81864 0.82 -10.516371462169
2.84364 0.82 -10.6397750627755
2.86864 0.82 -10.7626360362271
2.89364 0.82 -10.8848829619479
2.91864 0.82 -11.0065508664121
2.94364 0.82 -11.12762168246
2.96864 0.82 -11.2480845478532
2.99364 0.82 -11.3679132639885
3.01864 0.82 -11.4871253334435
3.04364 0.82 -11.6057060068847
3.06864 0.82 -11.7236117578689
3.09364 0.82 -11.8408616635137
3.11864 0.82 -11.9574588007117
3.14364 0.82 -12.0733970132138
3.16864 0.82 -12.1886288175323
3.19364 0.82 -12.3031518248695
3.21864 0.82 -12.4170122589383
3.24364 0.82 -12.5301483273713
3.26864 0.82 -12.6425608219005
3.29364 0.82 -12.7542870335108
3.31864 0.82 -12.8652866080729
3.34364 0.82 -12.975529922814
3.36864 0.82 -13.085074156915
3.39364 0.82 -13.1938591021516
3.41864 0.82 -13.301893903968
3.44364 0.82 -13.4091772597802
3.46864 0.82 -13.5157351651058
3.49364 0.82 -13.6215142679855
3.51864 0.82 -13.7265304377269
3.54364 0.82 -13.8307736363657
3.56864 0.82 -13.9342653037602
3.59364 0.82 -14.0369822374408
3.61864 0.82 -14.1389286117294
3.64364 0.82 -14.2401141945375
3.66864 0.82 -14.3405067625314
3.69364 0.82 -14.4401317149426
3.71864 0.82 -14.5389671780359
3.74364 0.82 -14.6370317592657
3.76864 0.82 -14.7343023824363
3.79364 0.82 -14.8307933409738
3.81864 0.82 -14.9264868872853
1.36864 0.83 -2.32721643247512
1.39364 0.83 -2.57828560629702
1.41864 0.83 -2.80356504057752
1.44364 0.83 -3.00935584502341
1.46864 0.83 -3.20021615243642
1.49364 0.83 -3.37952485320226
1.51864 0.83 -3.54980979258432
1.54364 0.83 -3.71299479028777
1.56864 0.83 -3.87055438375579
1.59364 0.83 -4.0236408604154
1.61864 0.83 -4.17314472020889
1.64364 0.83 -4.31977410217078
1.66864 0.83 -4.46408546132016
1.69364 0.83 -4.60652187730316
1.71864 0.83 -4.74743542737405
1.74364 0.83 -4.88711409682749
1.76864 0.83 -5.02578120788887
1.79364 0.83 -5.16362060179576
1.81864 0.83 -5.30077763645671
1.84364 0.83 -5.43736850096329
1.86864 0.83 -5.57348623518722
1.89364 0.83 -5.70920510276676
1.91864 0.83 -5.84458425882271
1.94364 0.83 -5.97966799003602
1.96864 0.83 -6.11449586495375
1.99364 0.83 -6.24908836691424
2.01864 0.83 -6.3834652079991
2.04364 0.83 -6.51764406500464
2.06864 0.83 -6.65162478640039
2.09364 0.83 -6.78541750790455
2.11864 0.83 -6.91902356497221
2.14364 0.83 -7.05243713417904
2.16864 0.83 -7.18565037762605
2.19364 0.83 -7.31866846983001
2.21864 0.83 -7.45147024874423
2.24364 0.83 -7.58405176944275
2.26864 0.83 -7.71640283335689
2.29364 0.83 -7.84850981001432
2.31864 0.83 -7.9803574629187
2.34364 0.83 -8.1119410862147
2.36864 0.83 -8.24323870298773
2.39364 0.83 -8.37423924245956
2.41864 0.83 -8.50492520524812
2.44364 0.83 -8.63529679542183
2.46864 0.83 -8.76530778831179
2.49364 0.83 -8.89497138779695
2.51864 0.83 -9.02426913971809
2.54364 0.83 -9.1531757744274
2.56864 0.83 -9.28168476733452
2.59364 0.83 -9.40979353172664
2.61864 0.83 -9.53746811839227
2.64364 0.83 -9.66469100831343
2.66864 0.83 -9.79144443259074
2.69364 0.83 -9.91773622910246
2.71864 0.83 -10.0435506663265
2.74364 0.83 -10.1688752714482
2.76864 0.83 -10.2936656946925
2.79364 0.83 -10.4179620824836
2.81864 0.83 -10.5417028605584
2.84364 0.83 -10.664887235833
2.86864 0.83 -10.7875092527089
2.89364 0.83 -10.9095786461547
2.91864 0.83 -11.0310472491587
2.94364 0.83 -11.1519256989312
2.96864 0.83 -11.2721993819645
2.99364 0.83 -11.3918447858129
3.01864 0.83 -11.510878169796
3.04364 0.83 -11.6292547240759
3.06864 0.83 -11.7470167785125
3.09364 0.83 -11.8640984114623
3.11864 0.83 -11.9805296750711
3.14364 0.83 -12.0962738128941
3.16864 0.83 -12.2113463376553
3.19364 0.83 -12.3257383354452
3.21864 0.83 -12.439416642323
3.24364 0.83 -12.552426053553
3.26864 0.83 -12.6646865073292
3.29364 0.83 -12.7762593454658
3.31864 0.83 -12.8870836709473
3.34364 0.83 -12.9972013469391
3.36864 0.83 -13.106566053357
3.39364 0.83 -13.2152044452256
3.41864 0.83 -13.3231211024315
3.44364 0.83 -13.4302548508477
3.46864 0.83 -13.536640204211
3.49364 0.83 -13.6422722319805
3.51864 0.83 -13.7471753367851
3.54364 0.83 -13.8512706437041
3.56864 0.83 -13.954618853893
3.59364 0.83 -14.0571918123296
3.61864 0.83 -14.1589956697501
3.64364 0.83 -14.2600378684995
3.66864 0.83 -14.3602834901399
3.69364 0.83 -14.4597630942414
3.71864 0.83 -14.558453587628
3.74364 0.83 -14.6563455570001
3.76864 0.83 -14.7534735993412
3.79364 0.83 -14.8498213675917
3.81864 0.83 -14.9454000417972
1.36864 0.84 -2.49551732374129
1.39364 0.84 -2.73686559455097
1.41864 0.84 -2.95259890250441
1.44364 0.84 -3.14924061528188
1.46864 0.84 -3.33146085950508
1.49364 0.84 -3.50268989506767
1.51864 0.84 -3.66545221213709
1.54364 0.84 -3.82166666411908
1.56864 0.84 -3.97279182040226
1.59364 0.84 -4.11993421538156
1.61864 0.84 -4.26396681672363
1.64364 0.84 -4.40555266435338
1.66864 0.84 -4.54522289876124
1.69364 0.84 -4.68338715611012
1.71864 0.84 -4.82036908715495
1.74364 0.84 -4.95642469398788
1.76864 0.84 -5.09175397929498
1.79364 0.84 -5.22651606226286
1.81864 0.84 -5.36083743822494
1.84364 0.84 -5.49481103829181
1.86864 0.84 -5.62851174157238
1.89364 0.84 -5.76200370548576
1.91864 0.84 -5.89531900875177
1.94364 0.84 -6.02849698776765
1.96864 0.84 -6.16155476244847
1.99364 0.84 -6.29451231201351
2.01864 0.84 -6.4273757438964
2.04364 0.84 -6.5601454716114
2.06864 0.84 -6.69282516609613
2.09364 0.84 -6.82540728861785
2.11864 0.84 -6.9578849392301
2.14364 0.84 -7.09025189628467
2.16864 0.84 -7.22249463864715
2.19364 0.84 -7.3546017820356
2.21864 0.84 -7.48655768228546
2.24364 0.84 -7.61835132787805
2.26864 0.84 -7.74996663932111
2.29364 0.84 -7.88138480784684
2.31864 0.84 -8.01259179577303
2.34364 0.84 -8.14356827686434
2.36864 0.84 -8.27430281388674
2.39364 0.84 -8.40477387680996
2.41864 0.84 -8.53497909190381
2.44364 0.84 -8.66485791667821
2.46864 0.84 -8.79445419383643
2.49364 0.84 -8.92370513429991
2.51864 0.84 -9.05261329214352
2.54364 0.84 -9.18114992674776
2.56864 0.84 -9.30931230829501
2.59364 0.84 -9.43705953901285
2.61864 0.84 -9.56442428110979
2.64364 0.84 -9.69134848338175
2.66864 0.84 -9.81784863764216
2.69364 0.84 -9.94386802554423
2.71864 0.84 -10.0694232034662
2.74364 0.84 -10.1944751743642
2.76864 0.84 -10.3190569782668
2.79364 0.84 -10.4430991406403
2.81864 0.84 -10.5666193921495
2.84364 0.84 -10.6895961083792
2.86864 0.84 -10.8120432383993
2.89364 0.84 -10.9338872404532
2.91864 0.84 -11.0551669341629
2.94364 0.84 -11.1758598741132
2.96864 0.84 -11.2959565245888
2.99364 0.84 -11.4154528691982
3.01864 0.84 -11.5342871114656
3.04364 0.84 -11.6525257068789
3.06864 0.84 -11.7700960060662
3.09364 0.84 -11.8870450385984
3.11864 0.84 -12.003290121718
3.14364 0.84 -12.1189085934716
3.16864 0.84 -12.2338274824766
3.19364 0.84 -12.3480390233362
3.21864 0.84 -12.4616000629889
3.24364 0.84 -12.5744300472105
3.26864 0.84 -12.6865694856645
3.29364 0.84 -12.7979692338354
3.31864 0.84 -12.9086745773095
3.34364 0.84 -13.0186252062984
3.36864 0.84 -13.1278779597868
3.39364 0.84 -13.2363729943579
3.41864 0.84 -13.3441191102804
3.44364 0.84 -13.4511148166566
3.46864 0.84 -13.5573861158819
3.49364 0.84 -13.6628779432965
3.51864 0.84 -13.7676102421435
3.54364 0.84 -13.8715690030475
3.56864 0.84 -13.9747707780557
3.59364 0.84 -14.0772386134624
3.61864 0.84 -14.1789012750774
3.64364 0.84 -14.2797737182931
3.66864 0.84 -14.3798829036195
3.69364 0.84 -14.4792245746348
3.71864 0.84 -14.5777772000539
3.74364 0.84 -14.6755581170806
3.76864 0.84 -14.7725464198639
3.79364 0.84 -14.8687531885016
3.81864 0.84 -14.9641643479499
1.36864 0.85 -2.67126209960345
1.39364 0.85 -2.90202788661412
1.41864 0.85 -3.10741079091834
1.44364 0.85 -3.29416781450248
1.46864 0.85 -3.46708214835545
1.49364 0.85 -3.62962375060918
1.51864 0.85 -3.78433481154875
1.54364 0.85 -3.93311016583215
1.56864 0.85 -4.07737115962248
1.59364 0.85 -4.2182030388321
1.61864 0.85 -4.35642885554171
1.64364 0.85 -4.4926844447051
1.66864 0.85 -4.6274565226515
1.69364 0.85 -4.7611210321236
1.71864 0.85 -4.89396743438389
1.74364 0.85 -5.02622673305721
1.76864 0.85 -5.15806511151901
1.79364 0.85 -5.28961636093596
1.81864 0.85 -5.42098216600004
1.84364 0.85 -5.5522356158368
1.86864 0.85 -5.68343258647078
1.89364 0.85 -5.8146093016068
1.91864 0.85 -5.94579460383985
1.94364 0.85 -6.07700396299379
1.96864 0.85 -6.20824899831074
1.99364 0.85 -6.33952881359805
2.01864 0.85 -6.47083626565895
2.04364 0.85 -6.60217128403986
2.06864 0.85 -6.73351809031372
2.09364 0.85 -6.86486725715281
2.11864 0.85 -6.99620433732686
2.14364 0.85 -7.12750956352579
2.16864 0.85 -7.25876397643642
2.19364 0.85 -7.38995922593395
2.21864 0.85 -7.52106270294755
2.24364 0.85 -7.65206431522347
2.26864 0.85 -7.78293833237163
2.29364 0.85 -7.91367270436008
2.31864 0.85 -8.04423469631844
2.34364 0.85 -8.17461330913827
2.36864 0.85 -8.3047871185147
2.39364 0.85 -8.43473473431554
2.41864 0.85 -8.56443545081262
2.44364 0.85 -8.69388062653203
2.46864 0.85 -8.82301872586324
2.49364 0.85 -8.95186246845336
2.51864 0.85 -9.08038865479691
2.54364 0.85 -9.20856570917321
2.56864 0.85 -9.33638626647216
2.59364 0.85 -9.46384142282935
2.61864 0.85 -9.59090191916937
2.64364 0.85 -9.71753856213268
2.66864 0.85 -9.84373812905321
2.69364 0.85 -9.96949703147495
2.71864 0.85 -10.0948063697122
2.74364 0.85 -10.2196479867993
2.76864 0.85 -10.3439757891939
2.79364 0.85 -10.467828962862
2.81864 0.85 -10.5911424807881
2.84364 0.85 -10.7139177277743
2.86864 0.85 -10.8361442874513
2.89364 0.85 -10.9578306922607
2.91864 0.85 -11.078928667734
2.94364 0.85 -11.1994457300991
2.96864 0.85 -11.319371989174
2.99364 0.85 -11.438676769276
3.01864 0.85 -11.5573767671071
3.04364 0.85 -11.6754286469921
3.06864 0.85 -11.7928725285185
3.09364 0.85 -11.909641830573
3.11864 0.85 -12.0257657156938
3.14364 0.85 -12.1412071697221
3.16864 0.85 -12.2559846071823
3.19364 0.85 -12.3700792257699
3.21864 0.85 -12.4834668837324
3.24364 0.85 -12.5961590039676
3.26864 0.85 -12.7081600179227
3.29364 0.85 -12.8194523909435
3.31864 0.85 -12.9299897885828
3.34364 0.85 -13.0398330522102
3.36864 0.85 -13.1489210758643
3.39364 0.85 -13.2572810628455
3.41864 0.85 -13.3648923467246
3.44364 0.85 -13.4717832842971
3.46864 0.85 -13.577890455699
3.49364 0.85 -13.6832477505955
3.51864 0.85 -13.7878535263736
3.54364 0.85 -13.8917006129114
3.56864 0.85 -13.9947737157386
3.59364 0.85 -14.0970717595361
3.61864 0.85 -14.198601233129
3.64364 0.85 -14.299369322334
3.66864 0.85 -14.3993439197127
3.69364 0.85 -14.4985509099932
3.71864 0.85 -14.5969666588855
3.74364 0.85 -14.694585345854
3.76864 0.85 -14.7914350107527
3.79364 0.85 -14.8875089274449
3.81864 0.85 -14.9828148812623
1.36864 0.86 -2.85527832583107
1.39364 0.86 -3.07451438892651
1.41864 0.86 -3.26865270806163
1.44364 0.86 -3.44469779438887
1.46864 0.86 -3.60756647079374
1.49364 0.86 -3.76075780793034
1.51864 0.86 -3.90681942739458
1.54364 0.86 -4.04762203765931
1.56864 0.86 -4.18455403939926
1.59364 0.86 -4.31865547717995
1.61864 0.86 -4.4507106808614
1.64364 0.86 -4.581309444885
1.66864 0.86 -4.7108945893311
1.69364 0.86 -4.8398079194924
1.71864 0.86 -4.96830213954983
1.74364 0.86 -5.09656624602931
1.76864 0.86 -5.22474481844398
1.79364 0.86 -5.35293556576327
1.81864 0.86 -5.48121593185893
1.84364 0.86 -5.60963448624156
1.86864 0.86 -5.73822483137075
1.89364 0.86 -5.86700459139445
1.91864 0.86 -5.99598500865737
1.94364 0.86 -6.12516486201747
1.96864 0.86 -6.25453657634802
1.99364 0.86 -6.3840891438118
2.01864 0.86 -6.51380462549364
2.04364 0.86 -6.64366870923866
2.06864 0.86 -6.77365709736147
2.09364 0.86 -6.90374984535483
2.11864 0.86 -7.03392259463632
2.14364 0.86 -7.16415153606393
2.16864 0.86 -7.2944125649029
2.19364 0.86 -7.42467914721879
2.21864 0.86 -7.55492879297425
2.24364 0.86 -7.68513432482047
2.26864 0.86 -7.81526899194448
2.29364 0.86 -7.94531026316391
2.31864 0.86 -8.07523806332168
2.34364 0.86 -8.20501936601678
2.36864 0.86 -8.33463620714968
2.39364 0.86 -8.46406363017222
2.41864 0.86 -8.59327896563058
2.44364 0.86 -8.72225531628044
2.46864 0.86 -8.85099702032594
2.49364 0.86 -8.9794428472734
2.51864 0.86 -9.10759548238363
2.54364 0.86 -9.23542262202347
2.56864 0.86 -9.36291321439845
2.59364 0.86 -9.49005853191366
2.61864 0.86 -9.61679745415
2.64364 0.86 -9.74315721697778
2.66864 0.86 -9.86912064288215
2.69364 0.86 -9.99463178103743
2.71864 0.86 -10.1197040269242
2.74364 0.86 -10.2443203408766
2.76864 0.86 -10.3684331358328
2.79364 0.86 -10.4920529125815
2.81864 0.86 -10.6151692809935
2.84364 0.86 -10.7377830408282
2.86864 0.86 -10.859826835703
2.89364 0.86 -10.9813095689577
2.91864 0.86 -11.1022663463334
2.94364 0.86 -11.2226196517792
2.96864 0.86 -11.3423545504568
2.99364 0.86 -11.461533981036
3.01864 0.86 -11.5800819174507
3.04364 0.86 -11.69798641878
3.06864 0.86 -11.8152592907919
3.09364 0.86 -11.9319116387406
3.11864 0.86 -12.0478670533817
3.14364 0.86 -12.16319952444
3.16864 0.86 -12.2778338504455
3.19364 0.86 -12.3918018847101
3.21864 0.86 -12.5050561636799
3.24364 0.86 -12.6176161513733
3.26864 0.86 -12.7294876007073
3.29364 0.86 -12.8406229206254
3.31864 0.86 -12.9510576915837
3.34364 0.86 -13.0607436029612
3.36864 0.86 -13.1697326026078
3.39364 0.86 -13.2779644959037
3.41864 0.86 -13.3854469085946
3.44364 0.86 -13.4921825242635
3.46864 0.86 -13.5981899658389
3.49364 0.86 -13.7034202303538
3.51864 0.86 -13.807890683996
3.54364 0.86 -13.9116172799749
3.56864 0.86 -14.0145623218304
3.59364 0.86 -14.1167411953798
3.61864 0.86 -14.2181322041944
3.64364 0.86 -14.3187501638662
3.66864 0.86 -14.4185878194381
3.69364 0.86 -14.5176662255991
3.71864 0.86 -14.6159523329302
3.74364 0.86 -14.7134691347692
3.76864 0.86 -14.8101945862462
3.79364 0.86 -14.906135060981
3.81864 0.86 -15.0012794182268
1.36864 0.87 -3.04858136118635
1.39364 0.87 -3.25520748902901
1.41864 0.87 -3.43708544608571
1.44364 0.87 -3.60150138718278
1.46864 0.87 -3.75348545057451
1.49364 0.87 -3.89657870001464
1.51864 0.87 -4.03332348091787
1.54364 0.87 -4.16555829613074
1.56864 0.87 -4.29463759676336
1.59364 0.87 -4.42154396631682
1.61864 0.87 -4.54701412501949
1.64364 0.87 -4.67159064080646
1.66864 0.87 -4.79567433370225
1.69364 0.87 -4.91955569283577
1.71864 0.87 -5.04344769055215
1.74364 0.87 -5.16750178068682
1.76864 0.87 -5.29182618305311
1.79364 0.87 -5.41649240697105
1.81864 0.87 -5.5415395278117
1.84364 0.87 -5.66699697835424
1.86864 0.87 -5.79287157078583
1.89364 0.87 -5.91916269907375
1.91864 0.87 -6.04585449081877
1.94364 0.87 -6.17293125225327
1.96864 0.87 -6.30036985286383
1.99364 0.87 -6.42814167506242
2.01864 0.87 -6.55622319687518
2.04364 0.87 -6.68457663587588
2.06864 0.87 -6.81317734182086
2.09364 0.87 -6.94198777684494
2.11864 0.87 -7.07097727584104
2.14364 0.87 -7.20011437441899
2.16864 0.87 -7.32936764400953
2.19364 0.87 -7.45869894965363
2.21864 0.87 -7.58808302167076
2.24364 0.87 -7.71748641761262
2.26864 0.87 -7.84688189588731
2.29364 0.87 -7.97623841063567
2.31864 0.87 -8.10552610301737
2.34364 0.87 -8.23471522541626
2.36864 0.87 -8.36378029955256
2.39364 0.87 -8.49269851010244
2.41864 0.87 -8.62143665903385
2.44364 0.87 -8.7499669108895
2.46864 0.87 -8.87829398261835
2.49364 0.87 -9.00635200776154
2.51864 0.87 -9.13414241733999
2.54364 0.87 -9.26163023829879
2.56864 0.87 -9.38880229220575
2.59364 0.87 -9.51564782209882
2.61864 0.87 -9.64210605535861
2.64364 0.87 -9.7682006444076
2.66864 0.87 -9.89391647147389
2.69364 0.87 -10.0191876839841
2.71864 0.87 -10.1440360611127
2.74364 0.87 -10.2684391313582
2.76864 0.87 -10.3923504354214
2.79364 0.87 -10.5157755037879
2.81864 0.87 -10.6387069556687
2.84364 0.87 -10.7611435141593
2.86864 0.87 -10.8830158206545
2.89364 0.87 -11.004337059287
2.91864 0.87 -11.1251345981017
2.94364 0.87 -11.2453370302343
2.96864 0.87 -11.3649238798904
2.99364 0.87 -11.4839562207338
3.01864 0.87 -11.6023656977078
3.04364 0.87 -11.7201309606023
3.06864 0.87 -11.8372635142998
3.09364 0.87 -11.9537896824092
3.11864 0.87 -12.0696449667873
3.14364 0.87 -12.1848200183761
3.16864 0.87 -12.2993328589726
3.19364 0.87 -12.4131707231868
3.21864 0.87 -12.5263010368015
3.24364 0.87 -12.6387400681005
3.26864 0.87 -12.7504892310259
3.29364 0.87 -12.8614980889494
3.31864 0.87 -12.9718114298429
3.34364 0.87 -13.0814114306484
3.36864 0.87 -13.1902521976639
3.39364 0.87 -13.2983600522605
3.41864 0.87 -13.4057265401865
3.44364 0.87 -13.5123692106894
3.46864 0.87 -13.6182301919188
3.49364 0.87 -13.7233387918231
3.51864 0.87 -13.8276892128637
3.54364 0.87 -13.9312950792841
3.56864 0.87 -14.0341189739976
3.59364 0.87 -14.1361677504906
3.61864 0.87 -14.2374570025066
3.64364 0.87 -14.3379330434537
3.66864 0.87 -14.437686080728
3.69364 0.87 -14.5366109315544
3.71864 0.87 -14.6347724454014
3.74364 0.87 -14.7321696475668
3.76864 0.87 -14.8287676559738
3.79364 0.87 -14.9245821777623
3.81864 0.87 -15.0195987625508
1.36864 0.88 -3.25234913418404
1.39364 0.88 -3.44514531954712
1.41864 0.88 -3.61362558174558
1.44364 0.88 -3.76536324775354
1.46864 0.88 -3.90551902380332
1.49364 0.88 -4.03767163838383
1.51864 0.88 -4.16434102251441
1.54364 0.88 -4.28734370884062
1.56864 0.88 -4.40796720742305
1.59364 0.88 -4.52715437752349
1.61864 0.88 -4.645581155014
1.64364 0.88 -4.7637278027592
1.66864 0.88 -4.88194796740995
1.69364 0.88 -5.0004800394569
1.71864 0.88 -5.11949275162394
1.74364 0.88 -5.23909350081994
1.76864 0.88 -5.35935229975763
1.79364 0.88 -5.48030318375484
1.81864 0.88 -5.60195963683287
1.84364 0.88 -5.72431495583726
1.86864 0.88 -5.84734778520649
1.89364 0.88 -5.97104309379966
1.91864 0.88 -6.09535405661887
1.94364 0.88 -6.22025009003196
1.96864 0.88 -6.34568579131345
1.99364 0.88 -6.4716231781166
2.01864 0.88 -6.59801931272804
2.04364 0.88 -6.7248239188761
2.06864 0.88 -6.85200069492886
2.09364 0.88 -6.97950269455848
2.11864 0.88 -7.10728627060408
2.14364 0.88 -7.23531327601853
2.16864 0.88 -7.36354177789624
2.19364 0.88 -7.49193143449453
2.21864 0.88 -7.62044625120376
2.24364 0.88 -7.74904747335611
2.26864 0.88 -7.87770114286963
2.29364 0.88 -8.00636963110961
2.31864 0.88 -8.13502102203775
2.34364 0.88 -8.26362374764072
2.36864 0.88 -8.39214750900264
2.39364 0.88 -8.52055999700946
2.41864 0.88 -8.64883108635756
2.44364 0.88 -8.77693433264789
2.46864 0.88 -8.90482874470639
2.49364 0.88 -9.03253762383424
2.51864 0.88 -9.15995152901655
2.54364 0.88 -9.28713848219878
2.56864 0.88 -9.41400537418816
2.59364 0.88 -9.54053852112575
2.61864 0.88 -9.66675525552567
2.64364 0.88 -9.79259818176912
2.66864 0.88 -9.91807511860866
2.69364 0.88 -10.0431260223256
2.71864 0.88 -10.1677671868758
2.74364 0.88 -10.2919397674289
2.76864 0.88 -10.415687137916
2.79364 0.88 -10.5389357314095
2.81864 0.88 -10.6616940531706
2.84364 0.88 -10.7839404553115
2.86864 0.88 -10.9056854152268
2.89364 0.88 -11.0268542470623
2.91864 0.88 -11.147479566101
2.94364 0.88 -11.2675403475792
2.96864 0.88 -11.3870225313524
2.99364 0.88 -11.5058941655233
3.01864 0.88 -11.6241730997129
3.04364 0.88 -11.7418422966037
3.06864 0.88 -11.8588515800558
3.09364 0.88 -11.9752285741251
3.11864 0.88 -12.0909655678746
3.14364 0.88 -12.2060538293262
3.16864 0.88 -12.3204521843747
3.19364 0.88 -12.4341466961867
3.21864 0.88 -12.5471938011824
3.24364 0.88 -12.6595189408123
3.26864 0.88 -12.7711283342039
3.29364 0.88 -12.8820568213915
3.31864 0.88 -12.9922621320697
3.34364 0.88 -13.1017163510079
3.36864 0.88 -13.2104744419147
3.39364 0.88 -13.3184680611265
3.41864 0.88 -13.4257276900501
3.44364 0.88 -13.5322297570005
3.46864 0.88 -13.6380045634648
3.49364 0.88 -13.7430044166057
3.51864 0.88 -13.8472419637562
3.54364 0.88 -13.950704951049
3.56864 0.88 -14.0534157058783
3.59364 0.88 -14.155349733528
3.61864 0.88 -14.2565128435597
3.64364 0.88 -14.3569136077825
3.66864 0.88 -14.4565205505604
3.69364 0.88 -14.5553581178473
3.71864 0.88 -14.6534020342503
3.74364 0.88 -14.7506840375985
3.76864 0.88 -14.8471579602639
3.79364 0.88 -14.9428543852946
3.81864 0.88 -15.037752173089
1.36864 0.89 -3.46798773197547
1.39364 0.89 -3.64558082844276
1.41864 0.89 -3.79936055541156
1.44364 0.89 -3.93723888587101
1.46864 0.89 -4.06449232481239
1.49364 0.89 -4.18473709685545
1.51864 0.89 -4.30048122033191
1.54364 0.89 -4.41348327974397
1.56864 0.89 -4.52498186230469
1.59364 0.89 -4.63584999806378
1.61864 0.89 -4.74669939551689
1.64364 0.89 -4.85795471175205
1.66864 0.89 -4.96989982744976
1.69364 0.89 -5.08272268784439
1.71864 0.89 -5.19654038554969
1.74364 0.89 -5.31141525005279
1.76864 0.89 -5.42736720379936
1.79364 0.89 -5.54439427601264
1.81864 0.89 -5.66247446095205
1.84364 0.89 -5.78156786655694
1.86864 0.89 -5.90162566804711
1.89364 0.89 -6.02259847276872
1.91864 0.89 -6.1444274798516
1.94364 0.89 -6.26705179706075
1.96864 0.89 -6.39041514307289
1.99364 0.89 -6.51445390113547
2.01864 0.89 -6.63910601775339
2.04364 0.89 -6.76431968189523
2.06864 0.89 -6.89003287164967
2.09364 0.89 -7.01619406234571
2.11864 0.89 -7.14275027692638
2.14364 0.89 -7.26964295645156
2.16864 0.89 -7.39683683557343
2.19364 0.89 -7.52427450960427
2.21864 0.89 -7.65191268156014
2.24364 0.89 -7.77970795312874
2.26864 0.89 -7.9076163880309
2.29364 0.89 -8.03560222041486
2.31864 0.89 -8.16362386104423
2.34364 0.89 -8.29164689609214
2.36864 0.89 -8.4196345411242
2.39364 0.89 -8.54755197379626
2.41864 0.89 -8.67536439187103
2.44364 0.89 -8.80303463061165
2.46864 0.89 -8.93056124631614
2.49364 0.89 -9.05788330360797
2.51864 0.89 -9.18498642838018
2.54364 0.89 -9.31183364278202
2.56864 0.89 -9.43840963354764
2.59364 0.89 -9.56469870934278
2.61864 0.89 -9.69063466261745
2.64364 0.89 -9.81624323563173
2.66864 0.89 -9.94149890755141
2.69364 0.89 -10.0663413982548
2.71864 0.89 -10.1907843692593
2.74364 0.89 -10.3148045915272
2.76864 0.89 -10.4383523242912
2.79364 0.89 -10.561433445617
2.81864 0.89 -10.6840401970644
2.84364 0.89 -10.8061640113132
2.86864 0.89 -10.9277395744469
2.89364 0.89 -11.0488010481354
2.91864 0.89 -11.1692951739154
2.94364 0.89 -11.2892300959916
2.96864 0.89 -11.4085623587246
2.99364 0.89 -11.5273446772136
3.01864 0.89 -11.6455108168403
3.04364 0.89 -11.7630390839447
3.06864 0.89 -11.87994351701
3.09364 0.89 -11.9962380779093
3.11864 0.89 -12.111869912942
3.14364 0.89 -12.2268251677645
3.16864 0.89 -12.3411206796686
3.19364 0.89 -12.4547404665133
3.21864 0.89 -12.5676596947402
3.24364 0.89 -12.6798841454597
3.26864 0.89 -12.7914216074018
3.29364 0.89 -12.9022210739654
3.31864 0.89 -13.012326038643
3.34364 0.89 -13.121709650147
3.36864 0.89 -13.2303435787715
3.39364 0.89 -13.3382350636986
3.41864 0.89 -13.4453878012957
3.44364 0.89 -13.5518169924962
3.46864 0.89 -13.6574614307874
3.49364 0.89 -13.7623521158685
3.51864 0.89 -13.8664898367107
3.54364 0.89 -13.9698774418389
3.56864 0.89 -14.0724814561494
3.59364 0.89 -14.1743103388212
3.61864 0.89 -14.2753661877552
3.64364 0.89 -14.3756295830744
3.66864 0.89 -14.4751569835247
3.69364 0.89 -14.573855074002
3.71864 0.89 -14.6717887237364
3.74364 0.89 -14.7689534799956
3.76864 0.89 -14.8653199264927
3.79364 0.89 -14.9608990019572
3.81864 0.89 -15.0556884380127
1.36864 0.9 -3.69723012290665
1.39364 0.9 -3.85802679063855
1.41864 0.9 -3.99562924807748
1.44364 0.9 -4.118281000514
1.46864 0.9 -4.23140729219688
1.49364 0.9 -4.33864256063668
1.51864 0.9 -4.44247274359932
1.54364 0.9 -4.54459813141802
1.56864 0.9 -4.64619521827571
1.59364 0.9 -4.74805836420006
1.61864 0.9 -4.85072564911998
1.64364 0.9 -4.95455124682984
1.66864 0.9 -5.05975534179777
1.69364 0.9 -5.16645761604019
1.71864 0.9 -5.27472077569285
1.74364 0.9 -5.38454776864632
1.76864 0.9 -5.49591768671363
1.79364 0.9 -5.60878353107019
1.81864 0.9 -5.723074119088
1.84364 0.9 -5.83872401435642
1.86864 0.9 -5.95564990661685
1.89364 0.9 -6.07377105316658
1.91864 0.9 -6.19299989901946
1.94364 0.9 -6.3132559528935
1.96864 0.9 -6.43445765182413
1.99364 0.9 -6.55652118681969
2.01864 0.9 -6.67937601063079
2.04364 0.9 -6.80294173990312
2.06864 0.9 -6.927155594835
2.09364 0.9 -7.05194283381159
2.11864 0.9 -7.17723937811113
2.14364 0.9 -7.30298805771954
2.16864 0.9 -7.4291264598973
2.19364 0.9 -7.55559926279053
2.21864 0.9 -7.68235588161423
2.24364 0.9 -7.80933843401575
2.26864 0.9 -7.93650776945158
2.29364 0.9 -8.06381212977603
2.31864 0.9 -8.19121078428985
2.34364 0.9 -8.31865748705495
2.36864 0.9 -8.44611614053285
2.39364 0.9 -8.57354972544107
2.41864 0.9 -8.70091762449678
2.44364 0.9 -8.82818652849726
2.46864 0.9 -8.95533389226615
2.49364 0.9 -9.08230690492513
2.51864 0.9 -9.20908771097454
2.54364 0.9 -9.33563900747043
2.56864 0.9 -9.4619406515252
2.59364 0.9 -9.58797626695593
2.61864 0.9 -9.71367855691232
2.64364 0.9 -9.83906577449538
2.66864 0.9 -9.96412061317761
2.69364 0.9 -10.0887736864647
2.71864 0.9 -10.2130395095801
2.74364 0.9 -10.3368942313453
2.76864 0.9 -10.4602865560632
2.79364 0.9 -10.5832263176579
2.81864 0.9 -10.70569003599
2.84364 0.9 -10.8276825004163
2.86864 0.9 -10.9491308851682
2.89364 0.9 -11.0700493655848
2.91864 0.9 -11.1904613459593
2.94364 0.9 -11.3102568180944
2.96864 0.9 -11.4295120352393
2.99364 0.9 -11.548194699921
3.01864 0.9 -11.6662325622989
3.04364 0.9 -11.7836942683992
3.06864 0.9 -11.9005055734303
3.09364 0.9 -12.0167077234549
3.11864 0.9 -12.132219020637
3.14364 0.9 -12.2471126461811
3.16864 0.9 -12.3613194108116
3.19364 0.9 -12.4748538426585
3.21864 0.9 -12.58768334178
3.24364 0.9 -12.6998192172011
3.26864 0.9 -12.8112697416983
3.29364 0.9 -12.9219808448543
3.31864 0.9 -13.0319976011723
3.34364 0.9 -13.1412631580404
3.36864 0.9 -13.2498306927282
3.39364 0.9 -13.3576408628689
3.41864 0.9 -13.4647006069943
3.44364 0.9 -13.5710098313402
3.46864 0.9 -13.6765922825356
3.49364 0.9 -13.7813934342553
3.51864 0.9 -13.8854323751999
3.54364 0.9 -13.9887226318525
3.56864 0.9 -14.0912315577415
3.59364 0.9 -14.192964079339
3.61864 0.9 -14.2939218645835
3.64364 0.9 -14.3940808361813
3.66864 0.9 -14.4934827330593
3.69364 0.9 -14.5921088511154
3.71864 0.9 -14.6899410459535
3.74364 0.9 -14.7870006804895
3.76864 0.9 -14.8832628072042
3.79364 0.9 -14.9787407761251
3.81864 0.9 -15.0734238158356
1.36864 0.91 -3.94222221698701
1.39364 0.91 -4.0843892075362
1.41864 0.91 -4.20408497867837
1.44364 0.91 -4.30994063485495
1.46864 0.91 -4.40750996652402
1.49364 0.91 -4.50045817164524
1.51864 0.91 -4.59123090001364
1.54364 0.91 -4.68146684505696
1.56864 0.91 -4.77225600773828
1.59364 0.91 -4.86431614592944
1.61864 0.91 -4.95809821044997
1.64364 0.91 -5.05387515285233
1.66864 0.91 -5.15179062347065
1.69364 0.91 -5.25189574402976
1.71864 0.91 -5.35418256397627
1.74364 0.91 -5.45859932399357
1.76864 0.91 -5.56506718051681
1.79364 0.91 -5.67348806098075
1.81864 0.91 -5.7837553090335
1.84364 0.91 -5.89575204407348
1.86864 0.91 -6.0093632869211
1.89364 0.91 -6.12447346406037
1.91864 0.91 -6.24096880706081
1.94364 0.91 -6.35874120340446
1.96864 0.91 -6.47768428714673
1.99364 0.91 -6.59769678773094
2.01864 0.91 -6.71867968314896
2.04364 0.91 -6.84054843482331
2.06864 0.91 -6.96320951088179
2.09364 0.91 -7.0865866223393
2.11864 0.91 -7.21059805862815
2.14364 0.91 -7.33517383360649
2.16864 0.91 -7.46023921515753
2.19364 0.91 -7.58574017905746
2.21864 0.91 -7.71160477772002
2.24364 0.91 -7.83777873200328
2.26864 0.91 -7.96420482517058
2.29364 0.91 -8.09083509944317
2.31864 0.91 -8.21761175962115
2.34364 0.91 -8.34449826284936
2.36864 0.91 -8.47144085307357
2.39364 0.91 -8.59840403547567
2.41864 0.91 -8.72534175806229
2.44364 0.91 -8.85221709089404
2.46864 0.91 -8.97898805029388
2.49364 0.91 -9.10562997888851
2.51864 0.91 -9.23211032740237
2.54364 0.91 -9.35838446535584
2.56864 0.91 -9.48445922951609
2.59364 0.91 -9.61023462975927
2.61864 0.91 -9.73574908526449
2.64364 0.91 -9.86094214582495
2.66864 0.91 -9.98578443967322
2.69364 0.91 -10.1102973836749
2.71864 0.91 -10.2343802033055
2.74364 0.91 -10.3580914766942
2.76864 0.91 -10.4813486873198
2.79364 0.91 -10.6041870324494
2.81864 0.91 -10.7265367606604
2.84364 0.91 -10.8483920880737
2.86864 0.91 -10.9697393393382
2.89364 0.91 -11.0905833902013
2.91864 0.91 -11.2108713702762
2.94364 0.91 -11.330606751506
2.96864 0.91 -11.4497760958361
2.99364 0.91 -11.5683486253841
3.01864 0.91 -11.6863346238604
3.04364 0.91 -11.8037183101626
3.06864 0.91 -11.9204522365354
3.09364 0.91 -12.0365512167852
3.11864 0.91 -12.1520182545973
3.14364 0.91 -12.2668110328782
3.16864 0.91 -12.3809443298279
3.19364 0.91 -12.4944057465921
3.21864 0.91 -12.6071613176397
3.24364 0.91 -12.7192549641238
3.26864 0.91 -12.8306052330568
3.29364 0.91 -12.941270782128
3.31864 0.91 -13.0511842325831
3.34364 0.91 -13.1604042405736
3.36864 0.91 -13.268867213074
3.39364 0.91 -13.3765974092793
3.41864 0.91 -13.4836114476007
3.44364 0.91 -13.5898414976897
3.46864 0.91 -13.6953144498404
3.49364 0.91 -13.8000309664593
3.51864 0.91 -13.9040195218357
3.54364 0.91 -14.0071983184294
3.56864 0.91 -14.1096211440977
3.59364 0.91 -14.2112653513787
3.61864 0.91 -14.3121346917334
3.64364 0.91 -14.4122396324425
3.66864 0.91 -14.5115434586669
3.69364 0.91 -14.6100787055451
3.71864 0.91 -14.7078153462332
3.74364 0.91 -14.804748014388
3.76864 0.91 -14.9009175668119
3.79364 0.91 -14.9962989158442
3.81864 0.91 -15.0909060428197
1.36864 0.92 -4.20566418473996
1.39364 0.92 -4.32705896405592
1.41864 0.92 -4.42683850640233
1.44364 0.92 -4.51404808139284
1.46864 0.92 -4.59439474540086
1.49364 0.92 -4.67155438873237
1.51864 0.92 -4.74792676674231
1.54364 0.92 -4.82507440226812
1.56864 0.92 -4.90399567802966
1.59364 0.92 -4.98530878712542
1.61864 0.92 -5.06937308641318
1.64364 0.92 -5.15637170597814
1.66864 0.92 -5.24635201576725
1.69364 0.92 -5.33929351587991
1.71864 0.92 -5.43511234193114
1.74364 0.92 -5.53369101615734
1.76864 0.92 -5.6348803853101
1.79364 0.92 -5.73853348677752
1.81864 0.92 -5.84449102763438
1.84364 0.92 -5.9525909699518
1.86864 0.92 -6.06267717334482
1.89364 0.92 -6.17459696220479
1.91864 0.92 -6.28820548765562
1.94364 0.92 -6.40336011563004
1.96864 0.92 -6.5199341500384
1.99364 0.92 -6.63779797182342
2.01864 0.92 -6.75683441926016
2.04364 0.92 -6.87693397153595
2.06864 0.92 -6.99799452283489
2.09364 0.92 -7.11991632769895
2.11864 0.92 -7.2426094220901
2.14364 0.92 -7.36598445774957
2.16864 0.92 -7.48996813961049
2.19364 0.92 -7.6144793732718
2.21864 0.92 -7.73944930475192
2.24364 0.92 -7.86481041834077
2.26864 0.92 -7.99049667826163
2.29364 0.92 -8.11645494007906
2.31864 0.92 -8.2426281443231
2.34364 0.92 -8.3689610864769
2.36864 0.92 -8.49540417066645
2.39364 0.92 -8.62190895495133
2.41864 0.92 -8.74843704007315
2.44364 0.92 -8.87493745005766
2.46864 0.92 -9.0013871597257
2.49364 0.92 -9.12772253610436
2.51864 0.92 -9.25392421163002
2.54364 0.92 -9.3799450111547
2.56864 0.92 -9.50576317878235
2.59364 0.92 -9.63132994995994
2.61864 0.92 -9.7566546967876
2.64364 0.92 -9.88167370074109
2.66864 0.92 -10.0063872977205
2.69364 0.92 -10.1307305055973
2.71864 0.92 -10.2547097424106
2.74364 0.92 -10.3782723080491
2.76864 0.92 -10.5014494215159
2.79364 0.92 -10.6241601991072
2.81864 0.92 -10.7464167890236
2.84364 0.92 -10.8681854487763
2.86864 0.92 -10.989480341699
2.89364 0.92 -11.1102227717968
2.91864 0.92 -11.2304388617393
2.94364 0.92 -11.3501082639998
2.96864 0.92 -11.4692144987064
2.99364 0.92 -11.5877547651591
3.01864 0.92 -11.7056527152205
3.04364 0.92 -11.8229795365029
3.06864 0.92 -11.9396571591042
3.09364 0.92 -12.0557025847016
3.11864 0.92 -12.171115271828
3.14364 0.92 -12.2858829947565
3.16864 0.92 -12.3999628347335
3.19364 0.92 -12.5133418467353
3.21864 0.92 -12.6260725254353
3.24364 0.92 -12.7380825986368
3.26864 0.92 -12.8494029485449
3.29364 0.92 -12.9599828173568
3.31864 0.92 -13.0698705842301
3.34364 0.92 -13.1790057505245
3.36864 0.92 -13.2874317054606
3.39364 0.92 -13.39510517225
3.41864 0.92 -13.5020249783171
3.44364 0.92 -13.6081901938513
3.46864 0.92 -13.7136259051067
3.49364 0.92 -13.8182817792146
3.51864 0.92 -13.9221643349225
3.54364 0.92 -14.025271622834
3.56864 0.92 -14.1276158498909
3.59364 0.92 -14.2335213063797
3.61864 0.92 -14.3300135878827
3.64364 0.92 -14.4300078497733
3.66864 0.92 -14.5292339849196
3.69364 0.92 -14.6276885217598
3.71864 0.92 -14.7253422013622
3.74364 0.92 -14.82221251789
3.76864 0.92 -14.9183030041517
3.79364 0.92 -15.0135953690164
3.81864 0.92 -15.1080838495616
1.36864 0.93 -4.4911237529088
1.39364 0.93 -4.58917089209408
1.41864 0.93 -4.66663533645927
1.44364 0.93 -4.7330105128019
1.46864 0.93 -4.7941440194146
1.49364 0.93 -4.85372422403674
1.51864 0.93 -4.91409250633181
1.54364 0.93 -4.97671747032288
1.56864 0.93 -5.04249387919933
1.59364 0.93 -5.11193137385622
1.61864 0.93 -5.1852806081489
1.64364 0.93 -5.26261656551105
1.66864 0.93 -5.34389289396617
1.69364 0.93 -5.42899493688488
1.71864 0.93 -5.51775400359746
1.74364 0.93 -5.60997012528284
1.76864 0.93 -5.70543496709876
1.79364 0.93 -5.80393238285419
1.81864 0.93 -5.90523969532539
1.84364 0.93 -6.00915468652737
1.86864 0.93 -6.11546414069424
1.89364 0.93 -6.22397911915905
1.91864 0.93 -6.3345141561465
1.94364 0.93 -6.44689986620519
1.96864 0.93 -6.56097094076468
1.99364 0.93 -6.67657447064752
2.01864 0.93 -6.79357380981625
2.04364 0.93 -6.91183132267177
2.06864 0.93 -7.03122956059784
2.09364 0.93 -7.15164846185399
2.11864 0.93 -7.27298360507749
2.14364 0.93 -7.39513626612652
2.16864 0.93 -7.51801298858972
2.19364 0.93 -7.64152500120245
2.21864 0.93 -7.76559329513916
2.24364 0.93 -7.89014086410372
2.26864 0.93 -8.01509542699864
2.29364 0.93 -8.14039208742065
2.31864 0.93 -8.26596866023658
2.34364 0.93 -8.39176660554292
2.36864 0.93 -8.5177272126586
2.39364 0.93 -8.64379864966798
2.41864 0.93 -8.76993482627647
2.44364 0.93 -8.89608848666193
2.46864 0.93 -9.02222542780234
2.49364 0.93 -9.14827737352609
2.51864 0.93 -9.27422826201917
2.54364 0.93 -9.40002434761731
2.56864 0.93 -9.52564214807866
2.59364 0.93 -9.65103004371584
2.61864 0.93 -9.77619826882401
2.64364 0.93 -9.90107294542912
2.66864 0.93 -10.0256593332485
2.69364 0.93 -10.149890171183
2.71864 0.93 -10.2737695445977
2.74364 0.93 -10.3972438141153
2.76864 0.93 -10.5203401477276
2.79364 0.93 -10.6429802186619
2.81864 0.93 -10.7651715054104
2.84364 0.93 -10.8868846086655
2.86864 0.93 -11.0081281914534
2.89364 0.93 -11.1288226220897
2.91864 0.93 -11.2489972328843
2.94364 0.93 -11.3686276689143
2.96864 0.93 -11.487696236855
2.99364 0.93 -11.6061994912606
3.01864 0.93 -11.7240682972291
3.04364 0.93 -11.8413639249834
3.06864 0.93 -11.9580115690292
3.09364 0.93 -12.0740562902768
3.11864 0.93 -12.1894101576702
3.14364 0.93 -12.304145931349
3.16864 0.93 -12.4181949111543
3.19364 0.93 -12.5315423457438
3.21864 0.93 -12.6442405485457
3.24364 0.93 -12.7562169252542
3.26864 0.93 -12.8675029621599
3.29364 0.93 -12.9780493174129
3.31864 0.93 -13.0878954360766
3.34364 0.93 -13.1969861544975
3.36864 0.93 -13.3053775951081
3.39364 0.93 -13.4130056219051
3.41864 0.93 -13.5198778465781
3.44364 0.93 -13.625997044105
3.46864 0.93 -13.731383456164
3.49364 0.93 -13.835972358098
3.51864 0.93 -13.9398168954106
3.54364 0.93 -14.0428622435884
3.56864 0.93 -14.1451599108027
3.59364 0.93 -14.2466989152039
3.61864 0.93 -14.3474288395318
3.64364 0.93 -14.4473612941527
3.66864 0.93 -14.5465212001938
3.69364 0.93 -14.6449048936939
3.71864 0.93 -14.7424898727121
3.74364 0.93 -14.8392968083581
3.76864 0.93 -14.9353015120384
3.79364 0.93 -15.0305173046075
3.81864 0.93 -15.1249276105686
1.36864 0.94 -4.80339870695197
1.39364 0.94 -4.87497155473157
1.41864 0.94 -4.92720123127982
1.44364 0.94 -4.97007495094823
1.46864 0.94 -5.00957958689827
1.49364 0.94 -5.04940185073722
1.51864 0.94 -5.09180543735
1.54364 0.94 -5.13815469043675
1.56864 0.94 -5.18922348318157
1.59364 0.94 -5.24539771252426
1.61864 0.94 -5.30680327533581
1.64364 0.94 -5.3733956363087
1.66864 0.94 -5.44501578711888
1.69364 0.94 -5.52144606214884
1.71864 0.94 -5.60241529200714
1.74364 0.94 -5.68764218613056
1.76864 0.94 -5.77682986525872
1.79364 0.94 -5.86968934302084
1.81864 0.94 -5.96593960984714
1.84364 0.94 -6.06530762927874
1.86864 0.94 -6.16753707954909
1.89364 0.94 -6.27238610093383
1.91864 0.94 -6.37962831019699
1.94364 0.94 -6.48905361621074
1.96864 0.94 -6.60046502718639
1.99364 0.94 -6.71368059056288
2.01864 0.94 -6.82852925436319
2.04364 0.94 -6.94485838422179
2.06864 0.94 -7.06251917549488
2.09364 0.94 -7.18138026340239
2.11864 0.94 -7.30131805298237
2.14364 0.94 -7.42221140115532
2.16864 0.94 -7.54396058926622
2.19364 0.94 -7.66646155356374
2.21864 0.94 -7.78962504690215
2.24364 0.94 -7.91336241995305
2.26864 0.94 -8.0375913875517
2.29364 0.94 -8.16224045559113
2.31864 0.94 -8.2872408024657
2.34364 0.94 -8.41252229532905
2.36864 0.94 -8.5380259436369
2.39364 0.94 -8.66369137607836
2.41864 0.94 -8.78946962149894
2.44364 0.94 -8.91530561285245
2.46864 0.94 -9.0411488723607
2.49364 0.94 -9.16696709335371
2.51864 0.94 -9.29270298158278
2.54364 0.94 -9.41831069214758
2.56864 0.94 -9.54376630496085
2.59364 0.94 -9.66903924445172
2.61864 0.94 -9.79405572819369
2.64364 0.94 -9.91882839647204
2.66864 0.94 -10.0433269793443
2.69364 0.94 -10.1674837827537
2.71864 0.94 -10.2913008798427
2.74364 0.94 -10.4147236190677
2.76864 0.94 -10.5377778408954
2.79364 0.94 -10.6603842931407
2.81864 0.94 -10.7825486783385
2.84364 0.94 -10.9042419190854
2.86864 0.94 -11.0254679260865
2.89364 0.94 -11.1461511580635
2.91864 0.94 -11.2663173856919
2.94364 0.94 -11.3859389786174
2.96864 0.94 -11.5050078428268
2.99364 0.94 -11.6235083476729
3.01864 0.94 -11.7413791368247
3.04364 0.94 -11.8586727922486
3.06864 0.94 -11.9753222049671
3.09364 0.94 -12.0913640785755
3.11864 0.94 -12.2067168760407
3.14364 0.94 -12.3214524683425
3.16864 0.94 -12.4354991224691
3.19364 0.94 -12.5488391422893
3.21864 0.94 -12.6615347679258
3.24364 0.94 -12.7735033723353
3.26864 0.94 -12.8847808572496
3.29364 0.94 -12.9953125567203
3.31864 0.94 -13.1051463354934
3.34364 0.94 -13.214221529489
3.36864 0.94 -13.3225934389873
3.39364 0.94 -13.4302004464664
3.41864 0.94 -13.5370507575969
3.44364 0.94 -13.6431414556536
3.46864 0.94 -13.7484979419894
3.49364 0.94 -13.8530669438067
3.51864 0.94 -13.9568663615464
3.54364 0.94 -14.0599098153059
3.56864 0.94 -14.1621329169782
3.59364 0.94 -14.2636291717238
3.61864 0.94 -14.3643145942052
3.64364 0.94 -14.4641987221363
3.66864 0.94 -14.5633065160155
3.69364 0.94 -14.6616393399735
3.71864 0.94 -14.7591699487824
3.74364 0.94 -14.855918218953
3.76864 0.94 -14.9518666315116
3.79364 0.94 -15.047016238593
3.81864 0.94 -15.1413614159042
1.36864 0.95 -5.14936759220305
1.39364 0.95 -5.19048151541929
1.41864 0.95 -5.21381739223822
1.44364 0.95 -5.22985752823359
1.46864 0.95 -5.24471603532659
1.49364 0.95 -5.26204884561196
1.51864 0.95 -5.2840288881251
1.54364 0.95 -5.31189444441738
1.56864 0.95 -5.34628153970255
1.59364 0.95 -5.38743457262726
1.61864 0.95 -5.4353398164611
1.64364 0.95 -5.48981471364668
1.66864 0.95 -5.55057408130973
1.69364 0.95 -5.61727147527157
1.71864 0.95 -5.68953044788658
1.74364 0.95 -5.76695751150477
1.76864 0.95 -5.84917033149599
1.79364 0.95 -5.93579114958183
1.81864 0.95 -6.02646091064504
1.84364 0.95 -6.12083793037999
1.86864 0.95 -6.21860359596181
1.89364 0.95 -6.31946012784581
1.91864 0.95 -6.42313431438002
1.94364 0.95 -6.52936400199857
1.96864 0.95 -6.63792168807372
1.99364 0.95 -6.74858261193115
2.01864 0.95 -6.86114928907687
2.04364 0.95 -6.97543990812212
2.06864 0.95 -7.09127959077559
2.09364 0.95 -7.2085147917279
2.11864 0.95 -7.32700374441859
2.14364 0.95 -7.44660802286549
2.16864 0.95 -7.56720608919054
2.19364 0.95 -7.68868619891441
2.21864 0.95 -7.81093931099438
2.24364 0.95 -7.93387193788116
2.26864 0.95 -8.05739181214346
2.29364 0.95 -8.1814150628939
2.31864 0.95 -8.3058579767654
2.34364 0.95 -8.43065668801096
2.36864 0.95 -8.55573632144847
2.39364 0.95 -8.68103689271328
2.41864 0.95 -8.80649227250267
2.44364 0.95 -8.93205109594119
2.46864 0.95 -9.05766176244613
2.49364 0.95 -9.18327202030597
2.51864 0.95 -9.30883812613289
2.54364 0.95 -9.43430658902721
2.56864 0.95 -9.5596455616374
2.59364 0.95 -9.68482752079487
2.61864 0.95 -9.80977226366163
2.64364 0.95 -9.9345175319896
2.66864 0.95 -10.058953490448
2.69364 0.95 -10.1830813981884
2.71864 0.95 -10.3068853378281
2.74364 0.95 -10.4303322080264
2.76864 0.95 -10.5533615588893
2.79364 0.95 -10.6759837475559
2.81864 0.95 -10.7981683695068
2.84364 0.95 -10.9199143164192
2.86864 0.95 -11.0411459851582
2.89364 0.95 -11.1618888812098
2.91864 0.95 -11.2820906560937
2.94364 0.95 -11.4017537410632
2.96864 0.95 -11.5208600691337
2.99364 0.95 -11.6393734966833
3.01864 0.95 -11.757308571893
3.04364 0.95 -11.8746156735492
3.06864 0.95 -11.9913313874836
3.09364 0.95 -12.1073843095031
3.11864 0.95 -12.2228018357255
3.14364 0.95 -12.3375442486996
3.16864 0.95 -12.4516233022975
3.19364 0.95 -12.5650277990187
3.21864 0.95 -12.6777183676142
3.24364 0.95 -12.7897119098183
3.26864 0.95 -12.9010121165113
3.29364 0.95 -13.0115644463836
3.31864 0.95 -13.1214155381936
3.34364 0.95 -13.2305323302836
3.36864 0.95 -13.3388851176864
3.39364 0.95 -13.4464978629595
3.41864 0.95 -13.5533538961683
3.44364 0.95 -13.6594732658906
3.46864 0.95 -13.7647983965157
3.49364 0.95 -13.8693597972626
3.51864 0.95 -13.9731468595074
3.54364 0.95 -14.0761797721959
3.56864 0.95 -14.1784154111237
3.59364 0.95 -14.2798626341722
3.61864 0.95 -14.3805248424161
3.64364 0.95 -14.480382602807
3.66864 0.95 -14.5794910293226
3.69364 0.95 -14.6777590253554
3.71864 0.95 -14.7752525734526
3.74364 0.95 -14.8719652497876
3.76864 0.95 -14.967867274799
3.79364 0.95 -15.0629756674987
3.81864 0.95 -15.1572733881751
1.36864 0.96 -5.53952448539591
1.39364 0.96 -5.54486747395895
1.41864 0.96 -5.53448960530609
1.44364 0.96 -5.51935368836982
1.46864 0.96 -5.50563616959035
1.49364 0.96 -5.49692433924053
1.51864 0.96 -5.49526167415915
1.54364 0.96 -5.50174267000934
1.56864 0.96 -5.51684702261639
1.59364 0.96 -5.54065929544358
1.61864 0.96 -5.57300044591373
1.64364 0.96 -5.61353493688052
1.66864 0.96 -5.66182792549635
1.69364 0.96 -5.7173890780463
1.71864 0.96 -5.77970911970864
1.74364 0.96 -5.84827543095412
1.76864 0.96 -5.92259001499102
1.79364 0.96 -6.00217636912573
1.81864 0.96 -6.0865777576282
1.84364 0.96 -6.17537585690679
1.86864 0.96 -6.26817859341874
1.89364 0.96 -6.36461559006651
1.91864 0.96 -6.46435633164046
1.94364 0.96 -6.56709277551484
1.96864 0.96 -6.67254089055946
1.99364 0.96 -6.7804395866366
2.01864 0.96 -6.8905565494297
2.04364 0.96 -7.00267020130599
2.06864 0.96 -7.11658379232253
2.09364 0.96 -7.23211249584999
2.11864 0.96 -7.34908871384971
2.14364 0.96 -7.46736062780849
2.16864 0.96 -7.58678584983318
2.19364 0.96 -7.70723291426825
2.21864 0.96 -7.82858423324172
2.24364 0.96 -7.95072652995867
2.26864 0.96 -8.07355601547544
2.29364 0.96 -8.1969808372983
2.31864 0.96 -8.32091233559245
2.34364 0.96 -8.44526716293465
2.36864 0.96 -8.56997497730375
2.39364 0.96 -8.69495446003747
2.41864 0.96 -8.82014764020223
2.44364 0.96 -8.94549245078919
2.46864 0.96 -9.07092794000603
2.49364 0.96 -9.19639588192505
2.51864 0.96 -9.32185772956271
2.54364 0.96 -9.44725228658076
2.56864 0.96 -9.57254399316433
2.59364 0.96 -9.6977004308486
2.61864 0.96 -9.82266595652543
2.64364 0.96 -9.94739695037701
2.66864 0.96 -10.0718590416727
2.69364 0.96 -10.1960296778999
2.71864 0.96 -10.319887943919
2.74364 0.96 -10.4433972543965
2.76864 0.96 -10.5665008053244
2.79364 0.96 -10.6892249485432
2.81864 0.96 -10.8114937776075
2.84364 0.96 -10.9332944459796
2.86864 0.96 -11.0546204530446
2.89364 0.96 -11.1754575877103
2.91864 0.96 -11.2957557977062
2.94364 0.96 -11.4155157747979
2.96864 0.96 -11.5347164856349
2.99364 0.96 -11.6533272579551
3.01864 0.96 -11.7713582862995
3.04364 0.96 -11.8887584988139
3.06864 0.96 -12.0055648945222
3.09364 0.96 -12.1217081027617
3.11864 0.96 -12.2372117667014
3.14364 0.96 -12.3520382951621
3.16864 0.96 -12.4661974262519
3.19364 0.96 -12.5796765057862
3.21864 0.96 -12.6924430759921
3.24364 0.96 -12.8045062840052
3.26864 0.96 -12.915871281697
3.29364 0.96 -13.0265149468204
3.31864 0.96 -13.1363954018415
3.34364 0.96 -13.2455631859183
3.36864 0.96 -13.3539664016577
3.39364 0.96 -13.4616265293143
3.41864 0.96 -13.5685184587917
3.44364 0.96 -13.6746752508389
3.46864 0.96 -13.7800318305461
3.49364 0.96 -13.8846214254278
3.51864 0.96 -13.9884284778575
3.54364 0.96 -14.0914816078815
3.56864 0.96 -14.1937312797192
3.59364 0.96 -14.2951884362323
3.61864 0.96 -14.3958565904167
3.64364 0.96 -14.4957455584342
3.66864 0.96 -14.5948200937373
3.69364 0.96 -14.6930854431681
3.71864 0.96 -14.7905968110435
3.74364 0.96 -14.8872651664983
3.76864 0.96 -14.983148719786
3.79364 0.96 -15.0782370219951
3.81864 0.96 -15.1725396611184
1.36864 0.97 -5.99172858235162
1.39364 0.97 -5.95351237713992
1.41864 0.97 -5.90258734020425
1.44364 0.97 -5.85020952768597
1.46864 0.97 -5.80247024744796
1.49364 0.97 -5.7627755154247
1.51864 0.97 -5.73299363557622
1.54364 0.97 -5.71403852360667
1.56864 0.97 -5.70621253304879
1.59364 0.97 -5.70941306249672
1.61864 0.97 -5.72328268541001
1.64364 0.97 -5.74729957124309
1.66864 0.97 -5.78085547082356
1.69364 0.97 -5.82329014709877
1.71864 0.97 -5.87393607263134
1.74364 0.97 -5.93213170352059
1.76864 0.97 -5.99724243646632
1.79364 0.97 -6.06866725622352
1.81864 0.97 -6.14583638582501
1.84364 0.97 -6.22823005128718
1.86864 0.97 -6.31536384666118
1.89364 0.97 -6.40678827764268
1.91864 0.97 -6.50209776990905
1.94364 0.97 -6.60091863685094
1.96864 0.97 -6.70291411296756
1.99364 0.97 -6.80776829552161
2.01864 0.97 -6.91520454879851
2.04364 0.97 -7.02495911125013
2.06864 0.97 -7.13680480897372
2.09364 0.97 -7.25052097386148
2.11864 0.97 -7.36591292103358
2.14364 0.97 -7.48280515733284
2.16864 0.97 -7.60103165311449
2.19364 0.97 -7.72044218502675
2.21864 0.97 -7.84090020040119
2.24364 0.97 -7.96227892708609
2.26864 0.97 -8.08446182331519
2.29364 0.97 -8.20734141744571
2.31864 0.97 -8.33081836732718
2.34364 0.97 -8.45479965171547
2.36864 0.97 -8.57920330283405
2.39364 0.97 -8.70394950433239
2.41864 0.97 -8.82896396884809
2.44364 0.97 -8.95417963873383
2.46864 0.97 -9.07953079665101
2.49364 0.97 -9.20496223348791
2.51864 0.97 -9.33040613164658
2.54364 0.97 -9.45582363245372
2.56864 0.97 -9.58116305215125
2.59364 0.97 -9.70639375027463
2.61864 0.97 -9.83145104953667
2.64364 0.97 -9.95629255004035
2.66864 0.97 -10.0808794480181
2.69364 0.97 -10.2052182114072
2.71864 0.97 -10.3291973656851
2.74364 0.97 -10.4528652622408
2.76864 0.97 -10.5761359379642
2.79364 0.97 -10.6990293074469
2.81864 0.97 -10.8214734763518
2.84364 0.97 -10.9434567003361
2.86864 0.97 -11.0649570859605
2.89364 0.97 -11.1859769855534
2.91864 0.97 -11.3064539944227
2.94364 0.97 -11.4263944700126
2.96864 0.97 -11.5457766006255
2.99364 0.97 -11.6645592294884
3.01864 0.97 -11.7827653369837
3.04364 0.97 -11.9003364532681
3.06864 0.97 -12.017310218873
3.09364 0.97 -12.1336156127726
3.11864 0.97 -12.2492773862363
3.14364 0.97 -12.3642627798614
3.16864 0.97 -12.4785664080829
3.19364 0.97 -12.5921898401452
3.21864 0.97 -12.7050940065356
3.24364 0.97 -12.8173187060244
3.26864 0.97 -12.9287821597508
3.29364 0.97 -13.0395474461172
3.31864 0.97 -13.1495407241966
3.34364 0.97 -13.2588229483174
3.36864 0.97 -13.3673264882811
3.39364 0.97 -13.4750849858115
3.41864 0.97 -13.5821015696598
3.44364 0.97 -13.6883147297209
3.46864 0.97 -13.7937532686976
3.49364 0.97 -13.8984160643971
3.51864 0.97 -14.00232679094
3.54364 0.97 -14.1054096088156
3.56864 0.97 -14.207710854634
3.59364 0.97 -14.3092264450595
3.61864 0.97 -14.4099422310903
3.64364 0.97 -14.5098728890775
3.66864 0.97 -14.608987499855
3.69364 0.97 -14.7073103233632
3.71864 0.97 -14.8048233329242
3.74364 0.97 -14.9015063618114
3.76864 0.97 -14.997408434137
3.79364 0.97 -15.0925108768208
3.81864 0.97 -15.1868189383521
1.36864 0.98 -6.54175649121035
1.39364 0.98 -6.44675161127115
1.41864 0.98 -6.34420193271433
1.44364 0.98 -6.24505067967165
1.46864 0.98 -6.154842182709
1.49364 0.98 -6.07655686698887
1.51864 0.98 -6.01174290156883
1.54364 0.98 -5.96107284738606
1.56864 0.98 -5.92462808572807
1.59364 0.98 -5.90209969952274
1.61864 0.98 -5.892919210076
1.64364 0.98 -5.89635875731537
1.66864 0.98 -5.91159094062399
1.69364 0.98 -5.93775451012975
1.71864 0.98 -5.97398178583642
1.74364 0.98 -6.01942305674726
1.76864 0.98 -6.07327216682518
1.79364 0.98 -6.1347625960262
1.81864 0.98 -6.20318744093926
1.84364 0.98 -6.27788557133824
1.86864 0.98 -6.35825518272932
1.89364 0.98 -6.44374421533842
1.91864 0.98 -6.53385239061108
1.94364 0.98 -6.62812075628087
1.96864 0.98 -6.72613176138017
1.99364 0.98 -6.8275163650959
2.01864 0.98 -6.93192964988961
2.04364 0.98 -7.0390602195551
2.06864 0.98 -7.14863161489321
2.09364 0.98 -7.2603892133971
2.11864 0.98 -7.37409958400574
2.14364 0.98 -7.4895523058693
2.16864 0.98 -7.6065582718802
2.19364 0.98 -7.72494219032312
2.21864 0.98 -7.84454132302245
2.24364 0.98 -7.96521503270413
2.26864 0.98 -8.08682885033673
2.29364 0.98 -8.20925595142152
2.31864 0.98 -8.33238363857037
2.34364 0.98 -8.45611363261584
2.36864 0.98 -8.58034707257011
2.39364 0.98 -8.70499325255782
2.41864 0.98 -8.82997311180973
2.44364 0.98 -8.95520720478192
2.46864 0.98 -9.08062924712025
2.49364 0.98 -9.20617288883234
2.51864 0.98 -9.33177194590997
2.54364 0.98 -9.45737096303524
2.56864 0.98 -9.5829222668865
2.59364 0.98 -9.70838693214133
2.61864 0.98 -9.83370011246234
2.64364 0.98 -9.95881376394228
2.66864 0.98 -10.0836866908865
2.69364 0.98 -10.2082951704212
2.71864 0.98 -10.3326061237588
2.74364 0.98 -10.4565887465679
2.76864 0.98 -10.5801770537657
2.79364 0.98 -10.7033932324575
2.81864 0.98 -10.8261612580642
2.84364 0.98 -10.9484686507113
2.86864 0.98 -11.0702932283694
2.89364 0.98 -11.1916343610881
2.91864 0.98 -11.3124303622008
2.94364 0.98 -11.4326853258988
2.96864 0.98 -11.5523780043453
2.99364 0.98 -11.6714707544765
3.01864 0.98 -11.7899724135116
3.04364 0.98 -11.9078393059198
3.06864 0.98 -12.0251030521623
3.09364 0.98 -12.141688473623
3.11864 0.98 -12.257623572027
3.14364 0.98 -12.3728704574569
3.16864 0.98 -12.4874356990509
3.19364 0.98 -12.6013129318633
3.21864 0.98 -12.7144578749771
3.24364 0.98 -12.8268893174732
3.26864 0.98 -12.9386061508445
3.29364 0.98 -13.0495882909316
3.31864 0.98 -13.1597921697888
3.34364 0.98 -13.2692725543584
3.36864 0.98 -13.3779724896634
3.39364 0.98 -13.4859131863059
3.41864 0.98 -13.5930757617465
3.44364 0.98 -13.6994882335975
3.46864 0.98 -13.8050821629265
3.49364 0.98 -13.9098981510205
3.51864 0.98 -14.0139236098819
3.54364 0.98 -14.1171708737678
3.56864 0.98 -14.2196091242411
3.59364 0.98 -14.321238811547
3.61864 0.98 -14.4220640666378
3.64364 0.98 -14.5221011950123
3.66864 0.98 -14.6213139358204
3.69364 0.98 -14.7197286588522
3.71864 0.98 -14.8173213483782
3.74364 0.98 -14.914088484745
3.76864 0.98 -15.0100619997648
3.79364 0.98 -15.1052259876676
3.81864 0.98 -15.1995953522232
1.36864 0.99 -7.2881437065944
1.39364 0.99 -7.10607732049583
1.41864 0.99 -6.92826843406732
1.44364 0.99 -6.76303987055157
1.46864 0.99 -6.61382334907983
1.49364 0.99 -6.48226818459257
1.51864 0.99 -6.36915525760847
1.54364 0.99 -6.27468385300304
1.56864 0.99 -6.19863018048559
1.59364 0.99 -6.14042342242799
1.61864 0.99 -6.09925575290181
1.64364 0.99 -6.07414208432906
1.66864 0.99 -6.06399818397542
1.69364 0.99 -6.06769198417179
1.71864 0.99 -6.08409058509455
1.74364 0.99 -6.11208415278418
1.76864 0.99 -6.15062278092658
1.79364 0.99 -6.1987084646919
1.81864 0.99 -6.25542038338899
1.84364 0.99 -6.31990839236792
1.86864 0.99 -6.39139429023107
1.89364 0.99 -6.46917358424506
1.91864 0.99 -6.55260001124552
1.94364 0.99 -6.64109684041828
1.96864 0.99 -6.7341407353605
1.99364 0.99 -6.8312529344251
2.01864 0.99 -6.93201645301864
2.04364 0.99 -7.03604285614585
2.06864 0.99 -7.14298964001333
2.09364 0.99 -7.2525401873927
2.11864 0.99 -7.36441554880109
2.14364 0.99 -7.47835935536981
2.16864 0.99 -7.59414310278213
2.19364 0.99 -7.71155535763312
2.21864 0.99 -7.83040848431605
2.24364 0.99 -7.95052438342866
2.26864 0.99 -8.0717512532078
2.29364 0.99 -8.19394281566984
2.31864 0.99 -8.31697041442276
2.34364 0.99 -8.4407078178308
2.36864 0.99 -8.56505116798252
2.39364 0.99 -8.68989530984602
2.41864 0.99 -8.81514627385662
2.44364 0.99 -8.94072157929221
2.46864 0.99 -9.06653602913447
2.49364 0.99 -9.19252052821835
2.51864 0.99 -9.31860492539686
2.54364 0.99 -9.44472410787136
2.56864 0.99 -9.57082406012386
2.59364 0.99 -9.69685681638673
2.61864 0.99 -9.8227335350607
2.64364 0.99 -9.9484507544359
2.66864 0.99 -10.0739655106778
2.69364 0.99 -10.1991971059556
2.71864 0.99 -10.3241379698051
2.74364 0.99 -10.4487504747456
2.76864 0.99 -10.5729724316604
2.79364 0.99 -10.6967898536248
2.81864 0.99 -10.8201841653589
2.84364 0.99 -10.9431408885472
2.86864 0.99 -11.0655812839008
2.89364 0.99 -11.1875023939053
2.91864 0.99 -11.3089259026045
2.94364 0.99 -11.4297711060266
2.96864 0.99 -11.550015227006
2.99364 0.99 -11.6697049663742
3.01864 0.99 -11.788765758451
3.04364 0.99 -11.907176197287
3.06864 0.99 -12.0249418602734
3.09364 0.99 -12.1420758607561
3.11864 0.99 -12.2585186743209
3.14364 0.99 -12.3742591175222
3.16864 0.99 -12.4893033338761
3.19364 0.99 -12.6036425268042
3.21864 0.99 -12.7172411452672
3.24364 0.99 -12.8301079416771
3.26864 0.99 -12.9422513940282
3.29364 0.99 -13.0536181826061
3.31864 0.99 -13.1642451872686
3.34364 0.99 -13.2741106279238
3.36864 0.99 -13.3831785935549
3.39364 0.99 -13.4914752042105
3.41864 0.99 -13.5989808978996
3.44364 0.99 -13.7057220279354
3.46864 0.99 -13.8116362963776
3.49364 0.99 -13.916756531024
3.51864 0.99 -14.0210730812001
3.54364 0.99 -14.1246029491774
3.56864 0.99 -14.2273048393438
3.59364 0.99 -14.3291927820711
3.61864 0.99 -14.4302651157638
3.64364 0.99 -14.5305029302204
3.66864 0.99 -14.6299700462222
3.69364 0.99 -14.728567747452
3.71864 0.99 -14.8263614804941
3.74364 0.99 -14.9233499236284
3.76864 0.99 -15.0195038261374
3.79364 0.99 -15.1148391781032
3.81864 0.99 -15.2093334223001
